component_model_id,season,target,weight
CU-BMA,2010/2011,Season onset,0.00432736537017911
CU-BMA,2010/2011,Season peak week,0.00432736537017911
CU-BMA,2010/2011,Season peak percentage,0.00432736537017911
CU-EAKFC_SEIRS,2010/2011,Season onset,4.00392667198121e-05
CU-EAKFC_SEIRS,2010/2011,Season peak week,4.00392667198121e-05
CU-EAKFC_SEIRS,2010/2011,Season peak percentage,4.00392667198121e-05
CU-EAKFC_SIRS,2010/2011,Season onset,0.0243158371418681
CU-EAKFC_SIRS,2010/2011,Season peak week,0.0243158371418681
CU-EAKFC_SIRS,2010/2011,Season peak percentage,0.0243158371418681
CU-EKF_SEIRS,2010/2011,Season onset,1.97061386716525e-07
CU-EKF_SEIRS,2010/2011,Season peak week,1.97061386716525e-07
CU-EKF_SEIRS,2010/2011,Season peak percentage,1.97061386716525e-07
CU-EKF_SIRS,2010/2011,Season onset,4.66596797205206e-10
CU-EKF_SIRS,2010/2011,Season peak week,4.66596797205206e-10
CU-EKF_SIRS,2010/2011,Season peak percentage,4.66596797205206e-10
CU-RHF_SEIRS,2010/2011,Season onset,2.1858394869896e-12
CU-RHF_SEIRS,2010/2011,Season peak week,2.1858394869896e-12
CU-RHF_SEIRS,2010/2011,Season peak percentage,2.1858394869896e-12
CU-RHF_SIRS,2010/2011,Season onset,3.88972022341069e-10
CU-RHF_SIRS,2010/2011,Season peak week,3.88972022341069e-10
CU-RHF_SIRS,2010/2011,Season peak percentage,3.88972022341069e-10
Delphi-BasisRegression,2010/2011,Season onset,2.8133517233386e-05
Delphi-BasisRegression,2010/2011,Season peak week,2.8133517233386e-05
Delphi-BasisRegression,2010/2011,Season peak percentage,2.8133517233386e-05
Delphi-DeltaDensity1,2010/2011,Season onset,0.146192023431538
Delphi-DeltaDensity1,2010/2011,Season peak week,0.146192023431538
Delphi-DeltaDensity1,2010/2011,Season peak percentage,0.146192023431538
Delphi-DeltaDensity2,2010/2011,Season onset,0.0421888760169914
Delphi-DeltaDensity2,2010/2011,Season peak week,0.0421888760169914
Delphi-DeltaDensity2,2010/2011,Season peak percentage,0.0421888760169914
Delphi-EmpiricalFuture,2010/2011,Season onset,0.00476389662220697
Delphi-EmpiricalFuture,2010/2011,Season peak week,0.00476389662220697
Delphi-EmpiricalFuture,2010/2011,Season peak percentage,0.00476389662220697
Delphi-EmpiricalTraj,2010/2011,Season onset,7.91583024979456e-121
Delphi-EmpiricalTraj,2010/2011,Season peak week,7.91583024979456e-121
Delphi-EmpiricalTraj,2010/2011,Season peak percentage,7.91583024979456e-121
Delphi-Uniform,2010/2011,Season onset,7.5614172695967e-183
Delphi-Uniform,2010/2011,Season peak week,7.5614172695967e-183
Delphi-Uniform,2010/2011,Season peak percentage,7.5614172695967e-183
LANL-DBMplus,2010/2011,Season onset,0.469181059580909
LANL-DBMplus,2010/2011,Season peak week,0.469181059580909
LANL-DBMplus,2010/2011,Season peak percentage,0.469181059580909
Protea Analytics-Cheetah,2010/2011,Season onset,0.000519662683548994
Protea Analytics-Cheetah,2010/2011,Season peak week,0.000519662683548994
Protea Analytics-Cheetah,2010/2011,Season peak percentage,0.000519662683548994
Protea Analytics-Kudu,2010/2011,Season onset,2.52719246785346e-33
Protea Analytics-Kudu,2010/2011,Season peak week,2.52719246785346e-33
Protea Analytics-Kudu,2010/2011,Season peak percentage,2.52719246785346e-33
Protea Analytics-Springbok,2010/2011,Season onset,0.303474925352257
Protea Analytics-Springbok,2010/2011,Season peak week,0.303474925352257
Protea Analytics-Springbok,2010/2011,Season peak percentage,0.303474925352257
ReichLab-KCDE,2010/2011,Season onset,2.14002504839461e-21
ReichLab-KCDE,2010/2011,Season peak week,2.14002504839461e-21
ReichLab-KCDE,2010/2011,Season peak percentage,2.14002504839461e-21
ReichLab-KDE,2010/2011,Season onset,0.00496798309740599
ReichLab-KDE,2010/2011,Season peak week,0.00496798309740599
ReichLab-KDE,2010/2011,Season peak percentage,0.00496798309740599
ReichLab-SARIMA1,2010/2011,Season onset,1.41047089291798e-69
ReichLab-SARIMA1,2010/2011,Season peak week,1.41047089291798e-69
ReichLab-SARIMA1,2010/2011,Season peak percentage,1.41047089291798e-69
ReichLab-SARIMA2,2010/2011,Season onset,6.8290742106713e-38
ReichLab-SARIMA2,2010/2011,Season peak week,6.8290742106713e-38
ReichLab-SARIMA2,2010/2011,Season peak percentage,6.8290742106713e-38
CU-BMA,2011/2012,Season onset,0.169339201859683
CU-BMA,2011/2012,Season peak week,0.169339201859683
CU-BMA,2011/2012,Season peak percentage,0.169339201859683
CU-EAKFC_SEIRS,2011/2012,Season onset,0.000336010289397124
CU-EAKFC_SEIRS,2011/2012,Season peak week,0.000336010289397124
CU-EAKFC_SEIRS,2011/2012,Season peak percentage,0.000336010289397124
CU-EAKFC_SIRS,2011/2012,Season onset,0.0406870879997461
CU-EAKFC_SIRS,2011/2012,Season peak week,0.0406870879997461
CU-EAKFC_SIRS,2011/2012,Season peak percentage,0.0406870879997461
CU-EKF_SEIRS,2011/2012,Season onset,1.55543450598181e-08
CU-EKF_SEIRS,2011/2012,Season peak week,1.55543450598181e-08
CU-EKF_SEIRS,2011/2012,Season peak percentage,1.55543450598181e-08
CU-EKF_SIRS,2011/2012,Season onset,1.34742421482829e-09
CU-EKF_SIRS,2011/2012,Season peak week,1.34742421482829e-09
CU-EKF_SIRS,2011/2012,Season peak percentage,1.34742421482829e-09
CU-RHF_SEIRS,2011/2012,Season onset,1.02073773995059e-11
CU-RHF_SEIRS,2011/2012,Season peak week,1.02073773995059e-11
CU-RHF_SEIRS,2011/2012,Season peak percentage,1.02073773995059e-11
CU-RHF_SIRS,2011/2012,Season onset,5.65474438770967e-12
CU-RHF_SIRS,2011/2012,Season peak week,5.65474438770967e-12
CU-RHF_SIRS,2011/2012,Season peak percentage,5.65474438770967e-12
Delphi-BasisRegression,2011/2012,Season onset,0.0144240483605492
Delphi-BasisRegression,2011/2012,Season peak week,0.0144240483605492
Delphi-BasisRegression,2011/2012,Season peak percentage,0.0144240483605492
Delphi-DeltaDensity1,2011/2012,Season onset,0.100978442638566
Delphi-DeltaDensity1,2011/2012,Season peak week,0.100978442638566
Delphi-DeltaDensity1,2011/2012,Season peak percentage,0.100978442638566
Delphi-DeltaDensity2,2011/2012,Season onset,1.90746978482719e-10
Delphi-DeltaDensity2,2011/2012,Season peak week,1.90746978482719e-10
Delphi-DeltaDensity2,2011/2012,Season peak percentage,1.90746978482719e-10
Delphi-EmpiricalFuture,2011/2012,Season onset,0.00061582637304592
Delphi-EmpiricalFuture,2011/2012,Season peak week,0.00061582637304592
Delphi-EmpiricalFuture,2011/2012,Season peak percentage,0.00061582637304592
Delphi-EmpiricalTraj,2011/2012,Season onset,2.27690462648251e-105
Delphi-EmpiricalTraj,2011/2012,Season peak week,2.27690462648251e-105
Delphi-EmpiricalTraj,2011/2012,Season peak percentage,2.27690462648251e-105
Delphi-Uniform,2011/2012,Season onset,1.4968068376646e-210
Delphi-Uniform,2011/2012,Season peak week,1.4968068376646e-210
Delphi-Uniform,2011/2012,Season peak percentage,1.4968068376646e-210
LANL-DBMplus,2011/2012,Season onset,0.386478621435256
LANL-DBMplus,2011/2012,Season peak week,0.386478621435256
LANL-DBMplus,2011/2012,Season peak percentage,0.386478621435256
Protea Analytics-Cheetah,2011/2012,Season onset,0.0953823280410934
Protea Analytics-Cheetah,2011/2012,Season peak week,0.0953823280410934
Protea Analytics-Cheetah,2011/2012,Season peak percentage,0.0953823280410934
Protea Analytics-Kudu,2011/2012,Season onset,3.18457177780502e-05
Protea Analytics-Kudu,2011/2012,Season peak week,3.18457177780502e-05
Protea Analytics-Kudu,2011/2012,Season peak percentage,3.18457177780502e-05
Protea Analytics-Springbok,2011/2012,Season onset,0.191726570176497
Protea Analytics-Springbok,2011/2012,Season peak week,0.191726570176497
Protea Analytics-Springbok,2011/2012,Season peak percentage,0.191726570176497
ReichLab-KCDE,2011/2012,Season onset,9.70517218544261e-15
ReichLab-KCDE,2011/2012,Season peak week,9.70517218544261e-15
ReichLab-KCDE,2011/2012,Season peak percentage,9.70517218544261e-15
ReichLab-KDE,2011/2012,Season onset,3.28949413963776e-44
ReichLab-KDE,2011/2012,Season peak week,3.28949413963776e-44
ReichLab-KDE,2011/2012,Season peak percentage,3.28949413963776e-44
ReichLab-SARIMA1,2011/2012,Season onset,2.40622235521941e-80
ReichLab-SARIMA1,2011/2012,Season peak week,2.40622235521941e-80
ReichLab-SARIMA1,2011/2012,Season peak percentage,2.40622235521941e-80
ReichLab-SARIMA2,2011/2012,Season onset,1.23099705156196e-29
ReichLab-SARIMA2,2011/2012,Season peak week,1.23099705156196e-29
ReichLab-SARIMA2,2011/2012,Season peak percentage,1.23099705156196e-29
CU-BMA,2012/2013,Season onset,0.0868822958521946
CU-BMA,2012/2013,Season peak week,0.0868822958521946
CU-BMA,2012/2013,Season peak percentage,0.0868822958521946
CU-EAKFC_SEIRS,2012/2013,Season onset,0.00431463921082811
CU-EAKFC_SEIRS,2012/2013,Season peak week,0.00431463921082811
CU-EAKFC_SEIRS,2012/2013,Season peak percentage,0.00431463921082811
CU-EAKFC_SIRS,2012/2013,Season onset,0.0320243788298241
CU-EAKFC_SIRS,2012/2013,Season peak week,0.0320243788298241
CU-EAKFC_SIRS,2012/2013,Season peak percentage,0.0320243788298241
CU-EKF_SEIRS,2012/2013,Season onset,6.81961463956297e-06
CU-EKF_SEIRS,2012/2013,Season peak week,6.81961463956297e-06
CU-EKF_SEIRS,2012/2013,Season peak percentage,6.81961463956297e-06
CU-EKF_SIRS,2012/2013,Season onset,7.89372201655563e-14
CU-EKF_SIRS,2012/2013,Season peak week,7.89372201655563e-14
CU-EKF_SIRS,2012/2013,Season peak percentage,7.89372201655563e-14
CU-RHF_SEIRS,2012/2013,Season onset,1.65557968053662e-12
CU-RHF_SEIRS,2012/2013,Season peak week,1.65557968053662e-12
CU-RHF_SEIRS,2012/2013,Season peak percentage,1.65557968053662e-12
CU-RHF_SIRS,2012/2013,Season onset,5.7589622681109e-15
CU-RHF_SIRS,2012/2013,Season peak week,5.7589622681109e-15
CU-RHF_SIRS,2012/2013,Season peak percentage,5.7589622681109e-15
Delphi-BasisRegression,2012/2013,Season onset,8.57266243361123e-08
Delphi-BasisRegression,2012/2013,Season peak week,8.57266243361123e-08
Delphi-BasisRegression,2012/2013,Season peak percentage,8.57266243361123e-08
Delphi-DeltaDensity1,2012/2013,Season onset,0.0080893043094173
Delphi-DeltaDensity1,2012/2013,Season peak week,0.0080893043094173
Delphi-DeltaDensity1,2012/2013,Season peak percentage,0.0080893043094173
Delphi-DeltaDensity2,2012/2013,Season onset,0.0489966829303202
Delphi-DeltaDensity2,2012/2013,Season peak week,0.0489966829303202
Delphi-DeltaDensity2,2012/2013,Season peak percentage,0.0489966829303202
Delphi-EmpiricalFuture,2012/2013,Season onset,2.00588079827321e-05
Delphi-EmpiricalFuture,2012/2013,Season peak week,2.00588079827321e-05
Delphi-EmpiricalFuture,2012/2013,Season peak percentage,2.00588079827321e-05
Delphi-EmpiricalTraj,2012/2013,Season onset,4.04908470672014e-149
Delphi-EmpiricalTraj,2012/2013,Season peak week,4.04908470672014e-149
Delphi-EmpiricalTraj,2012/2013,Season peak percentage,4.04908470672014e-149
Delphi-Uniform,2012/2013,Season onset,2.54778332293192e-244
Delphi-Uniform,2012/2013,Season peak week,2.54778332293192e-244
Delphi-Uniform,2012/2013,Season peak percentage,2.54778332293192e-244
LANL-DBMplus,2012/2013,Season onset,0.463678879079931
LANL-DBMplus,2012/2013,Season peak week,0.463678879079931
LANL-DBMplus,2012/2013,Season peak percentage,0.463678879079931
Protea Analytics-Cheetah,2012/2013,Season onset,0.0119076490064987
Protea Analytics-Cheetah,2012/2013,Season peak week,0.0119076490064987
Protea Analytics-Cheetah,2012/2013,Season peak percentage,0.0119076490064987
Protea Analytics-Kudu,2012/2013,Season onset,0.00249968822728243
Protea Analytics-Kudu,2012/2013,Season peak week,0.00249968822728243
Protea Analytics-Kudu,2012/2013,Season peak percentage,0.00249968822728243
Protea Analytics-Springbok,2012/2013,Season onset,0.340940362085547
Protea Analytics-Springbok,2012/2013,Season peak week,0.340940362085547
Protea Analytics-Springbok,2012/2013,Season peak percentage,0.340940362085547
ReichLab-KCDE,2012/2013,Season onset,3.8152793534152e-48
ReichLab-KCDE,2012/2013,Season peak week,3.8152793534152e-48
ReichLab-KCDE,2012/2013,Season peak percentage,3.8152793534152e-48
ReichLab-KDE,2012/2013,Season onset,0.000639156317170057
ReichLab-KDE,2012/2013,Season peak week,0.000639156317170057
ReichLab-KDE,2012/2013,Season peak percentage,0.000639156317170057
ReichLab-SARIMA1,2012/2013,Season onset,2.33091129257974e-112
ReichLab-SARIMA1,2012/2013,Season peak week,2.33091129257974e-112
ReichLab-SARIMA1,2012/2013,Season peak percentage,2.33091129257974e-112
ReichLab-SARIMA2,2012/2013,Season onset,5.63134866161005e-51
ReichLab-SARIMA2,2012/2013,Season peak week,5.63134866161005e-51
ReichLab-SARIMA2,2012/2013,Season peak percentage,5.63134866161005e-51
CU-BMA,2013/2014,Season onset,0.0871910877862053
CU-BMA,2013/2014,Season peak week,0.0871910877862053
CU-BMA,2013/2014,Season peak percentage,0.0871910877862053
CU-EAKFC_SEIRS,2013/2014,Season onset,0.000784082634798892
CU-EAKFC_SEIRS,2013/2014,Season peak week,0.000784082634798892
CU-EAKFC_SEIRS,2013/2014,Season peak percentage,0.000784082634798892
CU-EAKFC_SIRS,2013/2014,Season onset,0.0506612373186741
CU-EAKFC_SIRS,2013/2014,Season peak week,0.0506612373186741
CU-EAKFC_SIRS,2013/2014,Season peak percentage,0.0506612373186741
CU-EKF_SEIRS,2013/2014,Season onset,7.53329981365603e-06
CU-EKF_SEIRS,2013/2014,Season peak week,7.53329981365603e-06
CU-EKF_SEIRS,2013/2014,Season peak percentage,7.53329981365603e-06
CU-EKF_SIRS,2013/2014,Season onset,5.76588165203588e-09
CU-EKF_SIRS,2013/2014,Season peak week,5.76588165203588e-09
CU-EKF_SIRS,2013/2014,Season peak percentage,5.76588165203588e-09
CU-RHF_SEIRS,2013/2014,Season onset,3.96696152671689e-09
CU-RHF_SEIRS,2013/2014,Season peak week,3.96696152671689e-09
CU-RHF_SEIRS,2013/2014,Season peak percentage,3.96696152671689e-09
CU-RHF_SIRS,2013/2014,Season onset,2.93117293768878e-08
CU-RHF_SIRS,2013/2014,Season peak week,2.93117293768878e-08
CU-RHF_SIRS,2013/2014,Season peak percentage,2.93117293768878e-08
Delphi-BasisRegression,2013/2014,Season onset,0.000285754755095996
Delphi-BasisRegression,2013/2014,Season peak week,0.000285754755095996
Delphi-BasisRegression,2013/2014,Season peak percentage,0.000285754755095996
Delphi-DeltaDensity1,2013/2014,Season onset,7.03488328118216e-06
Delphi-DeltaDensity1,2013/2014,Season peak week,7.03488328118216e-06
Delphi-DeltaDensity1,2013/2014,Season peak percentage,7.03488328118216e-06
Delphi-DeltaDensity2,2013/2014,Season onset,0.0641717299661304
Delphi-DeltaDensity2,2013/2014,Season peak week,0.0641717299661304
Delphi-DeltaDensity2,2013/2014,Season peak percentage,0.0641717299661304
Delphi-EmpiricalFuture,2013/2014,Season onset,0.00441910603751125
Delphi-EmpiricalFuture,2013/2014,Season peak week,0.00441910603751125
Delphi-EmpiricalFuture,2013/2014,Season peak percentage,0.00441910603751125
Delphi-EmpiricalTraj,2013/2014,Season onset,1.57862067593165e-113
Delphi-EmpiricalTraj,2013/2014,Season peak week,1.57862067593165e-113
Delphi-EmpiricalTraj,2013/2014,Season peak percentage,1.57862067593165e-113
Delphi-Uniform,2013/2014,Season onset,1.37550261152418e-187
Delphi-Uniform,2013/2014,Season peak week,1.37550261152418e-187
Delphi-Uniform,2013/2014,Season peak percentage,1.37550261152418e-187
LANL-DBMplus,2013/2014,Season onset,0.487869034771905
LANL-DBMplus,2013/2014,Season peak week,0.487869034771905
LANL-DBMplus,2013/2014,Season peak percentage,0.487869034771905
Protea Analytics-Cheetah,2013/2014,Season onset,0.000158821135318083
Protea Analytics-Cheetah,2013/2014,Season peak week,0.000158821135318083
Protea Analytics-Cheetah,2013/2014,Season peak percentage,0.000158821135318083
Protea Analytics-Kudu,2013/2014,Season onset,7.50455940449438e-30
Protea Analytics-Kudu,2013/2014,Season peak week,7.50455940449438e-30
Protea Analytics-Kudu,2013/2014,Season peak percentage,7.50455940449438e-30
Protea Analytics-Springbok,2013/2014,Season onset,0.301781427851955
Protea Analytics-Springbok,2013/2014,Season peak week,0.301781427851955
Protea Analytics-Springbok,2013/2014,Season peak percentage,0.301781427851955
ReichLab-KCDE,2013/2014,Season onset,8.22676700662539e-24
ReichLab-KCDE,2013/2014,Season peak week,8.22676700662539e-24
ReichLab-KCDE,2013/2014,Season peak percentage,8.22676700662539e-24
ReichLab-KDE,2013/2014,Season onset,0.00266311051473827
ReichLab-KDE,2013/2014,Season peak week,0.00266311051473827
ReichLab-KDE,2013/2014,Season peak percentage,0.00266311051473827
ReichLab-SARIMA1,2013/2014,Season onset,8.3384662903042e-79
ReichLab-SARIMA1,2013/2014,Season peak week,8.3384662903042e-79
ReichLab-SARIMA1,2013/2014,Season peak percentage,8.3384662903042e-79
ReichLab-SARIMA2,2013/2014,Season onset,5.46718576204515e-42
ReichLab-SARIMA2,2013/2014,Season peak week,5.46718576204515e-42
ReichLab-SARIMA2,2013/2014,Season peak percentage,5.46718576204515e-42
CU-BMA,2014/2015,Season onset,0.0613907681559133
CU-BMA,2014/2015,Season peak week,0.0613907681559133
CU-BMA,2014/2015,Season peak percentage,0.0613907681559133
CU-EAKFC_SEIRS,2014/2015,Season onset,0.0027293845008371
CU-EAKFC_SEIRS,2014/2015,Season peak week,0.0027293845008371
CU-EAKFC_SEIRS,2014/2015,Season peak percentage,0.0027293845008371
CU-EAKFC_SIRS,2014/2015,Season onset,0.0294750929568022
CU-EAKFC_SIRS,2014/2015,Season peak week,0.0294750929568022
CU-EAKFC_SIRS,2014/2015,Season peak percentage,0.0294750929568022
CU-EKF_SEIRS,2014/2015,Season onset,1.58563098522347e-06
CU-EKF_SEIRS,2014/2015,Season peak week,1.58563098522347e-06
CU-EKF_SEIRS,2014/2015,Season peak percentage,1.58563098522347e-06
CU-EKF_SIRS,2014/2015,Season onset,1.26632485235846e-10
CU-EKF_SIRS,2014/2015,Season peak week,1.26632485235846e-10
CU-EKF_SIRS,2014/2015,Season peak percentage,1.26632485235846e-10
CU-RHF_SEIRS,2014/2015,Season onset,5.89087872370948e-11
CU-RHF_SEIRS,2014/2015,Season peak week,5.89087872370948e-11
CU-RHF_SEIRS,2014/2015,Season peak percentage,5.89087872370948e-11
CU-RHF_SIRS,2014/2015,Season onset,2.58842435301443e-10
CU-RHF_SIRS,2014/2015,Season peak week,2.58842435301443e-10
CU-RHF_SIRS,2014/2015,Season peak percentage,2.58842435301443e-10
Delphi-BasisRegression,2014/2015,Season onset,0.0110384389514655
Delphi-BasisRegression,2014/2015,Season peak week,0.0110384389514655
Delphi-BasisRegression,2014/2015,Season peak percentage,0.0110384389514655
Delphi-DeltaDensity1,2014/2015,Season onset,1.47023512864534e-07
Delphi-DeltaDensity1,2014/2015,Season peak week,1.47023512864534e-07
Delphi-DeltaDensity1,2014/2015,Season peak percentage,1.47023512864534e-07
Delphi-DeltaDensity2,2014/2015,Season onset,0.0277310115563976
Delphi-DeltaDensity2,2014/2015,Season peak week,0.0277310115563976
Delphi-DeltaDensity2,2014/2015,Season peak percentage,0.0277310115563976
Delphi-EmpiricalFuture,2014/2015,Season onset,0.0053432029942325
Delphi-EmpiricalFuture,2014/2015,Season peak week,0.0053432029942325
Delphi-EmpiricalFuture,2014/2015,Season peak percentage,0.0053432029942325
Delphi-EmpiricalTraj,2014/2015,Season onset,2.75833501249493e-127
Delphi-EmpiricalTraj,2014/2015,Season peak week,2.75833501249493e-127
Delphi-EmpiricalTraj,2014/2015,Season peak percentage,2.75833501249493e-127
Delphi-Uniform,2014/2015,Season onset,2.53174469223113e-208
Delphi-Uniform,2014/2015,Season peak week,2.53174469223113e-208
Delphi-Uniform,2014/2015,Season peak percentage,2.53174469223113e-208
LANL-DBMplus,2014/2015,Season onset,0.440781372146993
LANL-DBMplus,2014/2015,Season peak week,0.440781372146993
LANL-DBMplus,2014/2015,Season peak percentage,0.440781372146993
Protea Analytics-Cheetah,2014/2015,Season onset,0.000897317657629127
Protea Analytics-Cheetah,2014/2015,Season peak week,0.000897317657629127
Protea Analytics-Cheetah,2014/2015,Season peak percentage,0.000897317657629127
Protea Analytics-Kudu,2014/2015,Season onset,1.28890143894384e-24
Protea Analytics-Kudu,2014/2015,Season peak week,1.28890143894384e-24
Protea Analytics-Kudu,2014/2015,Season peak percentage,1.28890143894384e-24
Protea Analytics-Springbok,2014/2015,Season onset,0.417020215058935
Protea Analytics-Springbok,2014/2015,Season peak week,0.417020215058935
Protea Analytics-Springbok,2014/2015,Season peak percentage,0.417020215058935
ReichLab-KCDE,2014/2015,Season onset,1.91647828187516e-32
ReichLab-KCDE,2014/2015,Season peak week,1.91647828187516e-32
ReichLab-KCDE,2014/2015,Season peak percentage,1.91647828187516e-32
ReichLab-KDE,2014/2015,Season onset,0.00359146292191334
ReichLab-KDE,2014/2015,Season peak week,0.00359146292191334
ReichLab-KDE,2014/2015,Season peak percentage,0.00359146292191334
ReichLab-SARIMA1,2014/2015,Season onset,9.99925634295462e-90
ReichLab-SARIMA1,2014/2015,Season peak week,9.99925634295462e-90
ReichLab-SARIMA1,2014/2015,Season peak percentage,9.99925634295462e-90
ReichLab-SARIMA2,2014/2015,Season onset,8.32203348186638e-61
ReichLab-SARIMA2,2014/2015,Season peak week,8.32203348186638e-61
ReichLab-SARIMA2,2014/2015,Season peak percentage,8.32203348186638e-61
CU-BMA,2015/2016,Season onset,0.107656920827505
CU-BMA,2015/2016,Season peak week,0.107656920827505
CU-BMA,2015/2016,Season peak percentage,0.107656920827505
CU-EAKFC_SEIRS,2015/2016,Season onset,8.80405494601009e-05
CU-EAKFC_SEIRS,2015/2016,Season peak week,8.80405494601009e-05
CU-EAKFC_SEIRS,2015/2016,Season peak percentage,8.80405494601009e-05
CU-EAKFC_SIRS,2015/2016,Season onset,0.051203010057956
CU-EAKFC_SIRS,2015/2016,Season peak week,0.051203010057956
CU-EAKFC_SIRS,2015/2016,Season peak percentage,0.051203010057956
CU-EKF_SEIRS,2015/2016,Season onset,1.12225077338594e-06
CU-EKF_SEIRS,2015/2016,Season peak week,1.12225077338594e-06
CU-EKF_SEIRS,2015/2016,Season peak percentage,1.12225077338594e-06
CU-EKF_SIRS,2015/2016,Season onset,1.26777512237852e-06
CU-EKF_SIRS,2015/2016,Season peak week,1.26777512237852e-06
CU-EKF_SIRS,2015/2016,Season peak percentage,1.26777512237852e-06
CU-RHF_SEIRS,2015/2016,Season onset,1.84667514809111e-10
CU-RHF_SEIRS,2015/2016,Season peak week,1.84667514809111e-10
CU-RHF_SEIRS,2015/2016,Season peak percentage,1.84667514809111e-10
CU-RHF_SIRS,2015/2016,Season onset,1.29416581123209e-07
CU-RHF_SIRS,2015/2016,Season peak week,1.29416581123209e-07
CU-RHF_SIRS,2015/2016,Season peak percentage,1.29416581123209e-07
Delphi-BasisRegression,2015/2016,Season onset,1.07083436315032e-05
Delphi-BasisRegression,2015/2016,Season peak week,1.07083436315032e-05
Delphi-BasisRegression,2015/2016,Season peak percentage,1.07083436315032e-05
Delphi-DeltaDensity1,2015/2016,Season onset,0.0958049521875192
Delphi-DeltaDensity1,2015/2016,Season peak week,0.0958049521875192
Delphi-DeltaDensity1,2015/2016,Season peak percentage,0.0958049521875192
Delphi-DeltaDensity2,2015/2016,Season onset,0.0131257853355808
Delphi-DeltaDensity2,2015/2016,Season peak week,0.0131257853355808
Delphi-DeltaDensity2,2015/2016,Season peak percentage,0.0131257853355808
Delphi-EmpiricalFuture,2015/2016,Season onset,0.00396499079351554
Delphi-EmpiricalFuture,2015/2016,Season peak week,0.00396499079351554
Delphi-EmpiricalFuture,2015/2016,Season peak percentage,0.00396499079351554
Delphi-EmpiricalTraj,2015/2016,Season onset,3.4896171558459e-127
Delphi-EmpiricalTraj,2015/2016,Season peak week,3.4896171558459e-127
Delphi-EmpiricalTraj,2015/2016,Season peak percentage,3.4896171558459e-127
Delphi-Uniform,2015/2016,Season onset,7.0498600546614e-173
Delphi-Uniform,2015/2016,Season peak week,7.0498600546614e-173
Delphi-Uniform,2015/2016,Season peak percentage,7.0498600546614e-173
LANL-DBMplus,2015/2016,Season onset,0.372822801919747
LANL-DBMplus,2015/2016,Season peak week,0.372822801919747
LANL-DBMplus,2015/2016,Season peak percentage,0.372822801919747
Protea Analytics-Cheetah,2015/2016,Season onset,2.09528831534999e-06
Protea Analytics-Cheetah,2015/2016,Season peak week,2.09528831534999e-06
Protea Analytics-Cheetah,2015/2016,Season peak percentage,2.09528831534999e-06
Protea Analytics-Kudu,2015/2016,Season onset,2.57395432995593e-61
Protea Analytics-Kudu,2015/2016,Season peak week,2.57395432995593e-61
Protea Analytics-Kudu,2015/2016,Season peak percentage,2.57395432995593e-61
Protea Analytics-Springbok,2015/2016,Season onset,0.355318175069625
Protea Analytics-Springbok,2015/2016,Season peak week,0.355318175069625
Protea Analytics-Springbok,2015/2016,Season peak percentage,0.355318175069625
ReichLab-KCDE,2015/2016,Season onset,8.63496492723273e-21
ReichLab-KCDE,2015/2016,Season peak week,8.63496492723273e-21
ReichLab-KCDE,2015/2016,Season peak percentage,8.63496492723273e-21
ReichLab-KDE,2015/2016,Season onset,3.06271023414305e-57
ReichLab-KDE,2015/2016,Season peak week,3.06271023414305e-57
ReichLab-KDE,2015/2016,Season peak percentage,3.06271023414305e-57
ReichLab-SARIMA1,2015/2016,Season onset,2.21595696939968e-53
ReichLab-SARIMA1,2015/2016,Season peak week,2.21595696939968e-53
ReichLab-SARIMA1,2015/2016,Season peak percentage,2.21595696939968e-53
ReichLab-SARIMA2,2015/2016,Season onset,2.23815225844025e-16
ReichLab-SARIMA2,2015/2016,Season peak week,2.23815225844025e-16
ReichLab-SARIMA2,2015/2016,Season peak percentage,2.23815225844025e-16
CU-BMA,2016/2017,Season onset,0.0554245150840486
CU-BMA,2016/2017,Season peak week,0.0554245150840486
CU-BMA,2016/2017,Season peak percentage,0.0554245150840486
CU-EAKFC_SEIRS,2016/2017,Season onset,4.04010477321343e-06
CU-EAKFC_SEIRS,2016/2017,Season peak week,4.04010477321343e-06
CU-EAKFC_SEIRS,2016/2017,Season peak percentage,4.04010477321343e-06
CU-EAKFC_SIRS,2016/2017,Season onset,0.0495591427096745
CU-EAKFC_SIRS,2016/2017,Season peak week,0.0495591427096745
CU-EAKFC_SIRS,2016/2017,Season peak percentage,0.0495591427096745
CU-EKF_SEIRS,2016/2017,Season onset,1.11195270529844e-09
CU-EKF_SEIRS,2016/2017,Season peak week,1.11195270529844e-09
CU-EKF_SEIRS,2016/2017,Season peak percentage,1.11195270529844e-09
CU-EKF_SIRS,2016/2017,Season onset,1.13697007465144e-10
CU-EKF_SIRS,2016/2017,Season peak week,1.13697007465144e-10
CU-EKF_SIRS,2016/2017,Season peak percentage,1.13697007465144e-10
CU-RHF_SEIRS,2016/2017,Season onset,1.73873059412396e-14
CU-RHF_SEIRS,2016/2017,Season peak week,1.73873059412396e-14
CU-RHF_SEIRS,2016/2017,Season peak percentage,1.73873059412396e-14
CU-RHF_SIRS,2016/2017,Season onset,3.40081546866118e-11
CU-RHF_SIRS,2016/2017,Season peak week,3.40081546866118e-11
CU-RHF_SIRS,2016/2017,Season peak percentage,3.40081546866118e-11
Delphi-BasisRegression,2016/2017,Season onset,0.0179808858993367
Delphi-BasisRegression,2016/2017,Season peak week,0.0179808858993367
Delphi-BasisRegression,2016/2017,Season peak percentage,0.0179808858993367
Delphi-DeltaDensity1,2016/2017,Season onset,0.0939646823893474
Delphi-DeltaDensity1,2016/2017,Season peak week,0.0939646823893474
Delphi-DeltaDensity1,2016/2017,Season peak percentage,0.0939646823893474
Delphi-DeltaDensity2,2016/2017,Season onset,0.00429063944970356
Delphi-DeltaDensity2,2016/2017,Season peak week,0.00429063944970356
Delphi-DeltaDensity2,2016/2017,Season peak percentage,0.00429063944970356
Delphi-EmpiricalFuture,2016/2017,Season onset,0.00393510847444537
Delphi-EmpiricalFuture,2016/2017,Season peak week,0.00393510847444537
Delphi-EmpiricalFuture,2016/2017,Season peak percentage,0.00393510847444537
Delphi-EmpiricalTraj,2016/2017,Season onset,1.80479276702148e-110
Delphi-EmpiricalTraj,2016/2017,Season peak week,1.80479276702148e-110
Delphi-EmpiricalTraj,2016/2017,Season peak percentage,1.80479276702148e-110
Delphi-Uniform,2016/2017,Season onset,6.08405003049153e-162
Delphi-Uniform,2016/2017,Season peak week,6.08405003049153e-162
Delphi-Uniform,2016/2017,Season peak percentage,6.08405003049153e-162
LANL-DBMplus,2016/2017,Season onset,0.412080979091854
LANL-DBMplus,2016/2017,Season peak week,0.412080979091854
LANL-DBMplus,2016/2017,Season peak percentage,0.412080979091854
Protea Analytics-Cheetah,2016/2017,Season onset,0.0315502553009468
Protea Analytics-Cheetah,2016/2017,Season peak week,0.0315502553009468
Protea Analytics-Cheetah,2016/2017,Season peak percentage,0.0315502553009468
Protea Analytics-Kudu,2016/2017,Season onset,4.68349056303139e-19
Protea Analytics-Kudu,2016/2017,Season peak week,4.68349056303139e-19
Protea Analytics-Kudu,2016/2017,Season peak percentage,4.68349056303139e-19
Protea Analytics-Springbok,2016/2017,Season onset,0.329321960312246
Protea Analytics-Springbok,2016/2017,Season peak week,0.329321960312246
Protea Analytics-Springbok,2016/2017,Season peak percentage,0.329321960312246
ReichLab-KCDE,2016/2017,Season onset,3.67059043916376e-22
ReichLab-KCDE,2016/2017,Season peak week,3.67059043916376e-22
ReichLab-KCDE,2016/2017,Season peak percentage,3.67059043916376e-22
ReichLab-KDE,2016/2017,Season onset,0.00188778992394909
ReichLab-KDE,2016/2017,Season peak week,0.00188778992394909
ReichLab-KDE,2016/2017,Season peak percentage,0.00188778992394909
ReichLab-SARIMA1,2016/2017,Season onset,1.25472769080881e-65
ReichLab-SARIMA1,2016/2017,Season peak week,1.25472769080881e-65
ReichLab-SARIMA1,2016/2017,Season peak percentage,1.25472769080881e-65
ReichLab-SARIMA2,2016/2017,Season onset,2.6764377828131e-30
ReichLab-SARIMA2,2016/2017,Season peak week,2.6764377828131e-30
ReichLab-SARIMA2,2016/2017,Season peak percentage,2.6764377828131e-30
CU-BMA,2017/2018,Season onset,0.114851343571792
CU-BMA,2017/2018,Season peak week,0.114851343571792
CU-BMA,2017/2018,Season peak percentage,0.114851343571792
CU-EAKFC_SEIRS,2017/2018,Season onset,1.48702762961368e-07
CU-EAKFC_SEIRS,2017/2018,Season peak week,1.48702762961368e-07
CU-EAKFC_SEIRS,2017/2018,Season peak percentage,1.48702762961368e-07
CU-EAKFC_SIRS,2017/2018,Season onset,0.0457086408546479
CU-EAKFC_SIRS,2017/2018,Season peak week,0.0457086408546479
CU-EAKFC_SIRS,2017/2018,Season peak percentage,0.0457086408546479
CU-EKF_SEIRS,2017/2018,Season onset,3.89159588189845e-09
CU-EKF_SEIRS,2017/2018,Season peak week,3.89159588189845e-09
CU-EKF_SEIRS,2017/2018,Season peak percentage,3.89159588189845e-09
CU-EKF_SIRS,2017/2018,Season onset,5.3885545387734e-07
CU-EKF_SIRS,2017/2018,Season peak week,5.3885545387734e-07
CU-EKF_SIRS,2017/2018,Season peak percentage,5.3885545387734e-07
CU-RHF_SEIRS,2017/2018,Season onset,1.61119610505111e-12
CU-RHF_SEIRS,2017/2018,Season peak week,1.61119610505111e-12
CU-RHF_SEIRS,2017/2018,Season peak percentage,1.61119610505111e-12
CU-RHF_SIRS,2017/2018,Season onset,1.3281567149192e-07
CU-RHF_SIRS,2017/2018,Season peak week,1.3281567149192e-07
CU-RHF_SIRS,2017/2018,Season peak percentage,1.3281567149192e-07
Delphi-BasisRegression,2017/2018,Season onset,0.0284382930670879
Delphi-BasisRegression,2017/2018,Season peak week,0.0284382930670879
Delphi-BasisRegression,2017/2018,Season peak percentage,0.0284382930670879
Delphi-DeltaDensity1,2017/2018,Season onset,0.0743770574125101
Delphi-DeltaDensity1,2017/2018,Season peak week,0.0743770574125101
Delphi-DeltaDensity1,2017/2018,Season peak percentage,0.0743770574125101
Delphi-DeltaDensity2,2017/2018,Season onset,0.0603899562362243
Delphi-DeltaDensity2,2017/2018,Season peak week,0.0603899562362243
Delphi-DeltaDensity2,2017/2018,Season peak percentage,0.0603899562362243
Delphi-EmpiricalFuture,2017/2018,Season onset,0.00263310771412405
Delphi-EmpiricalFuture,2017/2018,Season peak week,0.00263310771412405
Delphi-EmpiricalFuture,2017/2018,Season peak percentage,0.00263310771412405
Delphi-EmpiricalTraj,2017/2018,Season onset,1.09439632723202e-83
Delphi-EmpiricalTraj,2017/2018,Season peak week,1.09439632723202e-83
Delphi-EmpiricalTraj,2017/2018,Season peak percentage,1.09439632723202e-83
Delphi-Uniform,2017/2018,Season onset,7.15196344878455e-139
Delphi-Uniform,2017/2018,Season peak week,7.15196344878455e-139
Delphi-Uniform,2017/2018,Season peak percentage,7.15196344878455e-139
LANL-DBMplus,2017/2018,Season onset,0.361375955081043
LANL-DBMplus,2017/2018,Season peak week,0.361375955081043
LANL-DBMplus,2017/2018,Season peak percentage,0.361375955081043
Protea Analytics-Cheetah,2017/2018,Season onset,0.0511086567495743
Protea Analytics-Cheetah,2017/2018,Season peak week,0.0511086567495743
Protea Analytics-Cheetah,2017/2018,Season peak percentage,0.0511086567495743
Protea Analytics-Kudu,2017/2018,Season onset,3.92867655283701e-14
Protea Analytics-Kudu,2017/2018,Season peak week,3.92867655283701e-14
Protea Analytics-Kudu,2017/2018,Season peak percentage,3.92867655283701e-14
Protea Analytics-Springbok,2017/2018,Season onset,0.261116165045806
Protea Analytics-Springbok,2017/2018,Season peak week,0.261116165045806
Protea Analytics-Springbok,2017/2018,Season peak percentage,0.261116165045806
ReichLab-KCDE,2017/2018,Season onset,1.35933356282999e-15
ReichLab-KCDE,2017/2018,Season peak week,1.35933356282999e-15
ReichLab-KCDE,2017/2018,Season peak percentage,1.35933356282999e-15
ReichLab-KDE,2017/2018,Season onset,5.45237591111781e-14
ReichLab-KDE,2017/2018,Season peak week,5.45237591111781e-14
ReichLab-KDE,2017/2018,Season peak percentage,5.45237591111781e-14
ReichLab-SARIMA1,2017/2018,Season onset,3.59928696268379e-50
ReichLab-SARIMA1,2017/2018,Season peak week,3.59928696268379e-50
ReichLab-SARIMA1,2017/2018,Season peak percentage,3.59928696268379e-50
ReichLab-SARIMA2,2017/2018,Season onset,6.05017800818616e-31
ReichLab-SARIMA2,2017/2018,Season peak week,6.05017800818616e-31
ReichLab-SARIMA2,2017/2018,Season peak percentage,6.05017800818616e-31
CU-BMA,2010/2011,1 wk ahead,1.15660687667064e-31
CU-BMA,2010/2011,2 wk ahead,1.15660687667064e-31
CU-BMA,2010/2011,3 wk ahead,1.15660687667064e-31
CU-BMA,2010/2011,4 wk ahead,1.15660687667064e-31
CU-EAKFC_SEIRS,2010/2011,1 wk ahead,0.239353713093549
CU-EAKFC_SEIRS,2010/2011,2 wk ahead,0.239353713093549
CU-EAKFC_SEIRS,2010/2011,3 wk ahead,0.239353713093549
CU-EAKFC_SEIRS,2010/2011,4 wk ahead,0.239353713093549
CU-EAKFC_SIRS,2010/2011,1 wk ahead,2.21585555977671e-08
CU-EAKFC_SIRS,2010/2011,2 wk ahead,2.21585555977671e-08
CU-EAKFC_SIRS,2010/2011,3 wk ahead,2.21585555977671e-08
CU-EAKFC_SIRS,2010/2011,4 wk ahead,2.21585555977671e-08
CU-EKF_SEIRS,2010/2011,1 wk ahead,0.0260921050030732
CU-EKF_SEIRS,2010/2011,2 wk ahead,0.0260921050030732
CU-EKF_SEIRS,2010/2011,3 wk ahead,0.0260921050030732
CU-EKF_SEIRS,2010/2011,4 wk ahead,0.0260921050030732
CU-EKF_SIRS,2010/2011,1 wk ahead,5.72024623717949e-15
CU-EKF_SIRS,2010/2011,2 wk ahead,5.72024623717949e-15
CU-EKF_SIRS,2010/2011,3 wk ahead,5.72024623717949e-15
CU-EKF_SIRS,2010/2011,4 wk ahead,5.72024623717949e-15
CU-RHF_SEIRS,2010/2011,1 wk ahead,1.4386392385025e-05
CU-RHF_SEIRS,2010/2011,2 wk ahead,1.4386392385025e-05
CU-RHF_SEIRS,2010/2011,3 wk ahead,1.4386392385025e-05
CU-RHF_SEIRS,2010/2011,4 wk ahead,1.4386392385025e-05
CU-RHF_SIRS,2010/2011,1 wk ahead,4.90038353458113e-16
CU-RHF_SIRS,2010/2011,2 wk ahead,4.90038353458113e-16
CU-RHF_SIRS,2010/2011,3 wk ahead,4.90038353458113e-16
CU-RHF_SIRS,2010/2011,4 wk ahead,4.90038353458113e-16
Delphi-BasisRegression,2010/2011,1 wk ahead,0.0048855894185192
Delphi-BasisRegression,2010/2011,2 wk ahead,0.0048855894185192
Delphi-BasisRegression,2010/2011,3 wk ahead,0.0048855894185192
Delphi-BasisRegression,2010/2011,4 wk ahead,0.0048855894185192
Delphi-DeltaDensity1,2010/2011,1 wk ahead,0.256115448453754
Delphi-DeltaDensity1,2010/2011,2 wk ahead,0.256115448453754
Delphi-DeltaDensity1,2010/2011,3 wk ahead,0.256115448453754
Delphi-DeltaDensity1,2010/2011,4 wk ahead,0.256115448453754
Delphi-DeltaDensity2,2010/2011,1 wk ahead,0.0544900802825554
Delphi-DeltaDensity2,2010/2011,2 wk ahead,0.0544900802825554
Delphi-DeltaDensity2,2010/2011,3 wk ahead,0.0544900802825554
Delphi-DeltaDensity2,2010/2011,4 wk ahead,0.0544900802825554
Delphi-EmpiricalFuture,2010/2011,1 wk ahead,1.31279237697979e-159
Delphi-EmpiricalFuture,2010/2011,2 wk ahead,1.31279237697979e-159
Delphi-EmpiricalFuture,2010/2011,3 wk ahead,1.31279237697979e-159
Delphi-EmpiricalFuture,2010/2011,4 wk ahead,1.31279237697979e-159
Delphi-EmpiricalTraj,2010/2011,1 wk ahead,2.04478144426392e-190
Delphi-EmpiricalTraj,2010/2011,2 wk ahead,2.04478144426392e-190
Delphi-EmpiricalTraj,2010/2011,3 wk ahead,2.04478144426392e-190
Delphi-EmpiricalTraj,2010/2011,4 wk ahead,2.04478144426392e-190
Delphi-Uniform,2010/2011,1 wk ahead,0
Delphi-Uniform,2010/2011,2 wk ahead,0
Delphi-Uniform,2010/2011,3 wk ahead,0
Delphi-Uniform,2010/2011,4 wk ahead,0
LANL-DBMplus,2010/2011,1 wk ahead,0.251487572271902
LANL-DBMplus,2010/2011,2 wk ahead,0.251487572271902
LANL-DBMplus,2010/2011,3 wk ahead,0.251487572271902
LANL-DBMplus,2010/2011,4 wk ahead,0.251487572271902
Protea Analytics-Cheetah,2010/2011,1 wk ahead,6.89170777976793e-05
Protea Analytics-Cheetah,2010/2011,2 wk ahead,6.89170777976793e-05
Protea Analytics-Cheetah,2010/2011,3 wk ahead,6.89170777976793e-05
Protea Analytics-Cheetah,2010/2011,4 wk ahead,6.89170777976793e-05
Protea Analytics-Kudu,2010/2011,1 wk ahead,3.98329739030312e-106
Protea Analytics-Kudu,2010/2011,2 wk ahead,3.98329739030312e-106
Protea Analytics-Kudu,2010/2011,3 wk ahead,3.98329739030312e-106
Protea Analytics-Kudu,2010/2011,4 wk ahead,3.98329739030312e-106
Protea Analytics-Springbok,2010/2011,1 wk ahead,0.167492165847902
Protea Analytics-Springbok,2010/2011,2 wk ahead,0.167492165847902
Protea Analytics-Springbok,2010/2011,3 wk ahead,0.167492165847902
Protea Analytics-Springbok,2010/2011,4 wk ahead,0.167492165847902
ReichLab-KCDE,2010/2011,1 wk ahead,7.53828679756554e-47
ReichLab-KCDE,2010/2011,2 wk ahead,7.53828679756554e-47
ReichLab-KCDE,2010/2011,3 wk ahead,7.53828679756554e-47
ReichLab-KCDE,2010/2011,4 wk ahead,7.53828679756554e-47
ReichLab-KDE,2010/2011,1 wk ahead,8.02550561401239e-159
ReichLab-KDE,2010/2011,2 wk ahead,8.02550561401239e-159
ReichLab-KDE,2010/2011,3 wk ahead,8.02550561401239e-159
ReichLab-KDE,2010/2011,4 wk ahead,8.02550561401239e-159
ReichLab-SARIMA1,2010/2011,1 wk ahead,9.74679970050769e-74
ReichLab-SARIMA1,2010/2011,2 wk ahead,9.74679970050769e-74
ReichLab-SARIMA1,2010/2011,3 wk ahead,9.74679970050769e-74
ReichLab-SARIMA1,2010/2011,4 wk ahead,9.74679970050769e-74
ReichLab-SARIMA2,2010/2011,1 wk ahead,2.17427298110917e-59
ReichLab-SARIMA2,2010/2011,2 wk ahead,2.17427298110917e-59
ReichLab-SARIMA2,2010/2011,3 wk ahead,2.17427298110917e-59
ReichLab-SARIMA2,2010/2011,4 wk ahead,2.17427298110917e-59
CU-BMA,2011/2012,1 wk ahead,2.47837405549539e-35
CU-BMA,2011/2012,2 wk ahead,2.47837405549539e-35
CU-BMA,2011/2012,3 wk ahead,2.47837405549539e-35
CU-BMA,2011/2012,4 wk ahead,2.47837405549539e-35
CU-EAKFC_SEIRS,2011/2012,1 wk ahead,0.208750833216015
CU-EAKFC_SEIRS,2011/2012,2 wk ahead,0.208750833216015
CU-EAKFC_SEIRS,2011/2012,3 wk ahead,0.208750833216015
CU-EAKFC_SEIRS,2011/2012,4 wk ahead,0.208750833216015
CU-EAKFC_SIRS,2011/2012,1 wk ahead,4.72692253491607e-08
CU-EAKFC_SIRS,2011/2012,2 wk ahead,4.72692253491607e-08
CU-EAKFC_SIRS,2011/2012,3 wk ahead,4.72692253491607e-08
CU-EAKFC_SIRS,2011/2012,4 wk ahead,4.72692253491607e-08
CU-EKF_SEIRS,2011/2012,1 wk ahead,0.0148823801164174
CU-EKF_SEIRS,2011/2012,2 wk ahead,0.0148823801164174
CU-EKF_SEIRS,2011/2012,3 wk ahead,0.0148823801164174
CU-EKF_SEIRS,2011/2012,4 wk ahead,0.0148823801164174
CU-EKF_SIRS,2011/2012,1 wk ahead,3.79884263272361e-16
CU-EKF_SIRS,2011/2012,2 wk ahead,3.79884263272361e-16
CU-EKF_SIRS,2011/2012,3 wk ahead,3.79884263272361e-16
CU-EKF_SIRS,2011/2012,4 wk ahead,3.79884263272361e-16
CU-RHF_SEIRS,2011/2012,1 wk ahead,4.67743085791363e-05
CU-RHF_SEIRS,2011/2012,2 wk ahead,4.67743085791363e-05
CU-RHF_SEIRS,2011/2012,3 wk ahead,4.67743085791363e-05
CU-RHF_SEIRS,2011/2012,4 wk ahead,4.67743085791363e-05
CU-RHF_SIRS,2011/2012,1 wk ahead,1.68697757016527e-18
CU-RHF_SIRS,2011/2012,2 wk ahead,1.68697757016527e-18
CU-RHF_SIRS,2011/2012,3 wk ahead,1.68697757016527e-18
CU-RHF_SIRS,2011/2012,4 wk ahead,1.68697757016527e-18
Delphi-BasisRegression,2011/2012,1 wk ahead,0.0528438873314888
Delphi-BasisRegression,2011/2012,2 wk ahead,0.0528438873314888
Delphi-BasisRegression,2011/2012,3 wk ahead,0.0528438873314888
Delphi-BasisRegression,2011/2012,4 wk ahead,0.0528438873314888
Delphi-DeltaDensity1,2011/2012,1 wk ahead,0.173744830897744
Delphi-DeltaDensity1,2011/2012,2 wk ahead,0.173744830897744
Delphi-DeltaDensity1,2011/2012,3 wk ahead,0.173744830897744
Delphi-DeltaDensity1,2011/2012,4 wk ahead,0.173744830897744
Delphi-DeltaDensity2,2011/2012,1 wk ahead,0.0153099030589652
Delphi-DeltaDensity2,2011/2012,2 wk ahead,0.0153099030589652
Delphi-DeltaDensity2,2011/2012,3 wk ahead,0.0153099030589652
Delphi-DeltaDensity2,2011/2012,4 wk ahead,0.0153099030589652
Delphi-EmpiricalFuture,2011/2012,1 wk ahead,2.28530945684195e-170
Delphi-EmpiricalFuture,2011/2012,2 wk ahead,2.28530945684195e-170
Delphi-EmpiricalFuture,2011/2012,3 wk ahead,2.28530945684195e-170
Delphi-EmpiricalFuture,2011/2012,4 wk ahead,2.28530945684195e-170
Delphi-EmpiricalTraj,2011/2012,1 wk ahead,3.03731887215029e-204
Delphi-EmpiricalTraj,2011/2012,2 wk ahead,3.03731887215029e-204
Delphi-EmpiricalTraj,2011/2012,3 wk ahead,3.03731887215029e-204
Delphi-EmpiricalTraj,2011/2012,4 wk ahead,3.03731887215029e-204
Delphi-Uniform,2011/2012,1 wk ahead,0
Delphi-Uniform,2011/2012,2 wk ahead,0
Delphi-Uniform,2011/2012,3 wk ahead,0
Delphi-Uniform,2011/2012,4 wk ahead,0
LANL-DBMplus,2011/2012,1 wk ahead,0.312467519644562
LANL-DBMplus,2011/2012,2 wk ahead,0.312467519644562
LANL-DBMplus,2011/2012,3 wk ahead,0.312467519644562
LANL-DBMplus,2011/2012,4 wk ahead,0.312467519644562
Protea Analytics-Cheetah,2011/2012,1 wk ahead,0.000229254818199195
Protea Analytics-Cheetah,2011/2012,2 wk ahead,0.000229254818199195
Protea Analytics-Cheetah,2011/2012,3 wk ahead,0.000229254818199195
Protea Analytics-Cheetah,2011/2012,4 wk ahead,0.000229254818199195
Protea Analytics-Kudu,2011/2012,1 wk ahead,6.71757426229334e-110
Protea Analytics-Kudu,2011/2012,2 wk ahead,6.71757426229334e-110
Protea Analytics-Kudu,2011/2012,3 wk ahead,6.71757426229334e-110
Protea Analytics-Kudu,2011/2012,4 wk ahead,6.71757426229334e-110
Protea Analytics-Springbok,2011/2012,1 wk ahead,0.221724569338803
Protea Analytics-Springbok,2011/2012,2 wk ahead,0.221724569338803
Protea Analytics-Springbok,2011/2012,3 wk ahead,0.221724569338803
Protea Analytics-Springbok,2011/2012,4 wk ahead,0.221724569338803
ReichLab-KCDE,2011/2012,1 wk ahead,2.49137920319689e-52
ReichLab-KCDE,2011/2012,2 wk ahead,2.49137920319689e-52
ReichLab-KCDE,2011/2012,3 wk ahead,2.49137920319689e-52
ReichLab-KCDE,2011/2012,4 wk ahead,2.49137920319689e-52
ReichLab-KDE,2011/2012,1 wk ahead,1.840576457809e-179
ReichLab-KDE,2011/2012,2 wk ahead,1.840576457809e-179
ReichLab-KDE,2011/2012,3 wk ahead,1.840576457809e-179
ReichLab-KDE,2011/2012,4 wk ahead,1.840576457809e-179
ReichLab-SARIMA1,2011/2012,1 wk ahead,3.96335562966243e-95
ReichLab-SARIMA1,2011/2012,2 wk ahead,3.96335562966243e-95
ReichLab-SARIMA1,2011/2012,3 wk ahead,3.96335562966243e-95
ReichLab-SARIMA1,2011/2012,4 wk ahead,3.96335562966243e-95
ReichLab-SARIMA2,2011/2012,1 wk ahead,2.10933051742682e-70
ReichLab-SARIMA2,2011/2012,2 wk ahead,2.10933051742682e-70
ReichLab-SARIMA2,2011/2012,3 wk ahead,2.10933051742682e-70
ReichLab-SARIMA2,2011/2012,4 wk ahead,2.10933051742682e-70
CU-BMA,2012/2013,1 wk ahead,1.02973741020159e-29
CU-BMA,2012/2013,2 wk ahead,1.02973741020159e-29
CU-BMA,2012/2013,3 wk ahead,1.02973741020159e-29
CU-BMA,2012/2013,4 wk ahead,1.02973741020159e-29
CU-EAKFC_SEIRS,2012/2013,1 wk ahead,0.257635942749036
CU-EAKFC_SEIRS,2012/2013,2 wk ahead,0.257635942749036
CU-EAKFC_SEIRS,2012/2013,3 wk ahead,0.257635942749036
CU-EAKFC_SEIRS,2012/2013,4 wk ahead,0.257635942749036
CU-EAKFC_SIRS,2012/2013,1 wk ahead,1.68485215425981e-10
CU-EAKFC_SIRS,2012/2013,2 wk ahead,1.68485215425981e-10
CU-EAKFC_SIRS,2012/2013,3 wk ahead,1.68485215425981e-10
CU-EAKFC_SIRS,2012/2013,4 wk ahead,1.68485215425981e-10
CU-EKF_SEIRS,2012/2013,1 wk ahead,1.68784544605623e-06
CU-EKF_SEIRS,2012/2013,2 wk ahead,1.68784544605623e-06
CU-EKF_SEIRS,2012/2013,3 wk ahead,1.68784544605623e-06
CU-EKF_SEIRS,2012/2013,4 wk ahead,1.68784544605623e-06
CU-EKF_SIRS,2012/2013,1 wk ahead,1.29639080340909e-20
CU-EKF_SIRS,2012/2013,2 wk ahead,1.29639080340909e-20
CU-EKF_SIRS,2012/2013,3 wk ahead,1.29639080340909e-20
CU-EKF_SIRS,2012/2013,4 wk ahead,1.29639080340909e-20
CU-RHF_SEIRS,2012/2013,1 wk ahead,4.27814624424055e-08
CU-RHF_SEIRS,2012/2013,2 wk ahead,4.27814624424055e-08
CU-RHF_SEIRS,2012/2013,3 wk ahead,4.27814624424055e-08
CU-RHF_SEIRS,2012/2013,4 wk ahead,4.27814624424055e-08
CU-RHF_SIRS,2012/2013,1 wk ahead,1.1177869268333e-22
CU-RHF_SIRS,2012/2013,2 wk ahead,1.1177869268333e-22
CU-RHF_SIRS,2012/2013,3 wk ahead,1.1177869268333e-22
CU-RHF_SIRS,2012/2013,4 wk ahead,1.1177869268333e-22
Delphi-BasisRegression,2012/2013,1 wk ahead,0.0185129393242813
Delphi-BasisRegression,2012/2013,2 wk ahead,0.0185129393242813
Delphi-BasisRegression,2012/2013,3 wk ahead,0.0185129393242813
Delphi-BasisRegression,2012/2013,4 wk ahead,0.0185129393242813
Delphi-DeltaDensity1,2012/2013,1 wk ahead,0.0793181296548305
Delphi-DeltaDensity1,2012/2013,2 wk ahead,0.0793181296548305
Delphi-DeltaDensity1,2012/2013,3 wk ahead,0.0793181296548305
Delphi-DeltaDensity1,2012/2013,4 wk ahead,0.0793181296548305
Delphi-DeltaDensity2,2012/2013,1 wk ahead,0.0813509738223328
Delphi-DeltaDensity2,2012/2013,2 wk ahead,0.0813509738223328
Delphi-DeltaDensity2,2012/2013,3 wk ahead,0.0813509738223328
Delphi-DeltaDensity2,2012/2013,4 wk ahead,0.0813509738223328
Delphi-EmpiricalFuture,2012/2013,1 wk ahead,3.85884290364642e-188
Delphi-EmpiricalFuture,2012/2013,2 wk ahead,3.85884290364642e-188
Delphi-EmpiricalFuture,2012/2013,3 wk ahead,3.85884290364642e-188
Delphi-EmpiricalFuture,2012/2013,4 wk ahead,3.85884290364642e-188
Delphi-EmpiricalTraj,2012/2013,1 wk ahead,6.87372301264482e-219
Delphi-EmpiricalTraj,2012/2013,2 wk ahead,6.87372301264482e-219
Delphi-EmpiricalTraj,2012/2013,3 wk ahead,6.87372301264482e-219
Delphi-EmpiricalTraj,2012/2013,4 wk ahead,6.87372301264482e-219
Delphi-Uniform,2012/2013,1 wk ahead,0
Delphi-Uniform,2012/2013,2 wk ahead,0
Delphi-Uniform,2012/2013,3 wk ahead,0
Delphi-Uniform,2012/2013,4 wk ahead,0
LANL-DBMplus,2012/2013,1 wk ahead,0.292314716824742
LANL-DBMplus,2012/2013,2 wk ahead,0.292314716824742
LANL-DBMplus,2012/2013,3 wk ahead,0.292314716824742
LANL-DBMplus,2012/2013,4 wk ahead,0.292314716824742
Protea Analytics-Cheetah,2012/2013,1 wk ahead,0.000231150254448071
Protea Analytics-Cheetah,2012/2013,2 wk ahead,0.000231150254448071
Protea Analytics-Cheetah,2012/2013,3 wk ahead,0.000231150254448071
Protea Analytics-Cheetah,2012/2013,4 wk ahead,0.000231150254448071
Protea Analytics-Kudu,2012/2013,1 wk ahead,1.27668448151012e-108
Protea Analytics-Kudu,2012/2013,2 wk ahead,1.27668448151012e-108
Protea Analytics-Kudu,2012/2013,3 wk ahead,1.27668448151012e-108
Protea Analytics-Kudu,2012/2013,4 wk ahead,1.27668448151012e-108
Protea Analytics-Springbok,2012/2013,1 wk ahead,0.270634416574936
Protea Analytics-Springbok,2012/2013,2 wk ahead,0.270634416574936
Protea Analytics-Springbok,2012/2013,3 wk ahead,0.270634416574936
Protea Analytics-Springbok,2012/2013,4 wk ahead,0.270634416574936
ReichLab-KCDE,2012/2013,1 wk ahead,3.18900158915441e-53
ReichLab-KCDE,2012/2013,2 wk ahead,3.18900158915441e-53
ReichLab-KCDE,2012/2013,3 wk ahead,3.18900158915441e-53
ReichLab-KCDE,2012/2013,4 wk ahead,3.18900158915441e-53
ReichLab-KDE,2012/2013,1 wk ahead,3.03408223970063e-180
ReichLab-KDE,2012/2013,2 wk ahead,3.03408223970063e-180
ReichLab-KDE,2012/2013,3 wk ahead,3.03408223970063e-180
ReichLab-KDE,2012/2013,4 wk ahead,3.03408223970063e-180
ReichLab-SARIMA1,2012/2013,1 wk ahead,8.54811720065481e-89
ReichLab-SARIMA1,2012/2013,2 wk ahead,8.54811720065481e-89
ReichLab-SARIMA1,2012/2013,3 wk ahead,8.54811720065481e-89
ReichLab-SARIMA1,2012/2013,4 wk ahead,8.54811720065481e-89
ReichLab-SARIMA2,2012/2013,1 wk ahead,9.82179255168289e-69
ReichLab-SARIMA2,2012/2013,2 wk ahead,9.82179255168289e-69
ReichLab-SARIMA2,2012/2013,3 wk ahead,9.82179255168289e-69
ReichLab-SARIMA2,2012/2013,4 wk ahead,9.82179255168289e-69
CU-BMA,2013/2014,1 wk ahead,4.22609102700535e-28
CU-BMA,2013/2014,2 wk ahead,4.22609102700535e-28
CU-BMA,2013/2014,3 wk ahead,4.22609102700535e-28
CU-BMA,2013/2014,4 wk ahead,4.22609102700535e-28
CU-EAKFC_SEIRS,2013/2014,1 wk ahead,0.221210153090378
CU-EAKFC_SEIRS,2013/2014,2 wk ahead,0.221210153090378
CU-EAKFC_SEIRS,2013/2014,3 wk ahead,0.221210153090378
CU-EAKFC_SEIRS,2013/2014,4 wk ahead,0.221210153090378
CU-EAKFC_SIRS,2013/2014,1 wk ahead,2.09921960680468e-08
CU-EAKFC_SIRS,2013/2014,2 wk ahead,2.09921960680468e-08
CU-EAKFC_SIRS,2013/2014,3 wk ahead,2.09921960680468e-08
CU-EAKFC_SIRS,2013/2014,4 wk ahead,2.09921960680468e-08
CU-EKF_SEIRS,2013/2014,1 wk ahead,0.0422378703997077
CU-EKF_SEIRS,2013/2014,2 wk ahead,0.0422378703997077
CU-EKF_SEIRS,2013/2014,3 wk ahead,0.0422378703997077
CU-EKF_SEIRS,2013/2014,4 wk ahead,0.0422378703997077
CU-EKF_SIRS,2013/2014,1 wk ahead,1.54277661245862e-15
CU-EKF_SIRS,2013/2014,2 wk ahead,1.54277661245862e-15
CU-EKF_SIRS,2013/2014,3 wk ahead,1.54277661245862e-15
CU-EKF_SIRS,2013/2014,4 wk ahead,1.54277661245862e-15
CU-RHF_SEIRS,2013/2014,1 wk ahead,0.00136772941332211
CU-RHF_SEIRS,2013/2014,2 wk ahead,0.00136772941332211
CU-RHF_SEIRS,2013/2014,3 wk ahead,0.00136772941332211
CU-RHF_SEIRS,2013/2014,4 wk ahead,0.00136772941332211
CU-RHF_SIRS,2013/2014,1 wk ahead,9.06399793655621e-18
CU-RHF_SIRS,2013/2014,2 wk ahead,9.06399793655621e-18
CU-RHF_SIRS,2013/2014,3 wk ahead,9.06399793655621e-18
CU-RHF_SIRS,2013/2014,4 wk ahead,9.06399793655621e-18
Delphi-BasisRegression,2013/2014,1 wk ahead,0.0371098039943469
Delphi-BasisRegression,2013/2014,2 wk ahead,0.0371098039943469
Delphi-BasisRegression,2013/2014,3 wk ahead,0.0371098039943469
Delphi-BasisRegression,2013/2014,4 wk ahead,0.0371098039943469
Delphi-DeltaDensity1,2013/2014,1 wk ahead,0.051894578325367
Delphi-DeltaDensity1,2013/2014,2 wk ahead,0.051894578325367
Delphi-DeltaDensity1,2013/2014,3 wk ahead,0.051894578325367
Delphi-DeltaDensity1,2013/2014,4 wk ahead,0.051894578325367
Delphi-DeltaDensity2,2013/2014,1 wk ahead,0.0541846878685179
Delphi-DeltaDensity2,2013/2014,2 wk ahead,0.0541846878685179
Delphi-DeltaDensity2,2013/2014,3 wk ahead,0.0541846878685179
Delphi-DeltaDensity2,2013/2014,4 wk ahead,0.0541846878685179
Delphi-EmpiricalFuture,2013/2014,1 wk ahead,5.17715030144093e-196
Delphi-EmpiricalFuture,2013/2014,2 wk ahead,5.17715030144093e-196
Delphi-EmpiricalFuture,2013/2014,3 wk ahead,5.17715030144093e-196
Delphi-EmpiricalFuture,2013/2014,4 wk ahead,5.17715030144093e-196
Delphi-EmpiricalTraj,2013/2014,1 wk ahead,2.44539359983651e-228
Delphi-EmpiricalTraj,2013/2014,2 wk ahead,2.44539359983651e-228
Delphi-EmpiricalTraj,2013/2014,3 wk ahead,2.44539359983651e-228
Delphi-EmpiricalTraj,2013/2014,4 wk ahead,2.44539359983651e-228
Delphi-Uniform,2013/2014,1 wk ahead,0
Delphi-Uniform,2013/2014,2 wk ahead,0
Delphi-Uniform,2013/2014,3 wk ahead,0
Delphi-Uniform,2013/2014,4 wk ahead,0
LANL-DBMplus,2013/2014,1 wk ahead,0.331149722760945
LANL-DBMplus,2013/2014,2 wk ahead,0.331149722760945
LANL-DBMplus,2013/2014,3 wk ahead,0.331149722760945
LANL-DBMplus,2013/2014,4 wk ahead,0.331149722760945
Protea Analytics-Cheetah,2013/2014,1 wk ahead,1.74005291769684e-05
Protea Analytics-Cheetah,2013/2014,2 wk ahead,1.74005291769684e-05
Protea Analytics-Cheetah,2013/2014,3 wk ahead,1.74005291769684e-05
Protea Analytics-Cheetah,2013/2014,4 wk ahead,1.74005291769684e-05
Protea Analytics-Kudu,2013/2014,1 wk ahead,3.62760111988043e-130
Protea Analytics-Kudu,2013/2014,2 wk ahead,3.62760111988043e-130
Protea Analytics-Kudu,2013/2014,3 wk ahead,3.62760111988043e-130
Protea Analytics-Kudu,2013/2014,4 wk ahead,3.62760111988043e-130
Protea Analytics-Springbok,2013/2014,1 wk ahead,0.260828032626041
Protea Analytics-Springbok,2013/2014,2 wk ahead,0.260828032626041
Protea Analytics-Springbok,2013/2014,3 wk ahead,0.260828032626041
Protea Analytics-Springbok,2013/2014,4 wk ahead,0.260828032626041
ReichLab-KCDE,2013/2014,1 wk ahead,6.3929259667247e-52
ReichLab-KCDE,2013/2014,2 wk ahead,6.3929259667247e-52
ReichLab-KCDE,2013/2014,3 wk ahead,6.3929259667247e-52
ReichLab-KCDE,2013/2014,4 wk ahead,6.3929259667247e-52
ReichLab-KDE,2013/2014,1 wk ahead,8.55232713631802e-188
ReichLab-KDE,2013/2014,2 wk ahead,8.55232713631802e-188
ReichLab-KDE,2013/2014,3 wk ahead,8.55232713631802e-188
ReichLab-KDE,2013/2014,4 wk ahead,8.55232713631802e-188
ReichLab-SARIMA1,2013/2014,1 wk ahead,3.23187977183681e-93
ReichLab-SARIMA1,2013/2014,2 wk ahead,3.23187977183681e-93
ReichLab-SARIMA1,2013/2014,3 wk ahead,3.23187977183681e-93
ReichLab-SARIMA1,2013/2014,4 wk ahead,3.23187977183681e-93
ReichLab-SARIMA2,2013/2014,1 wk ahead,5.92695266277666e-73
ReichLab-SARIMA2,2013/2014,2 wk ahead,5.92695266277666e-73
ReichLab-SARIMA2,2013/2014,3 wk ahead,5.92695266277666e-73
ReichLab-SARIMA2,2013/2014,4 wk ahead,5.92695266277666e-73
CU-BMA,2014/2015,1 wk ahead,1.38294373648997e-30
CU-BMA,2014/2015,2 wk ahead,1.38294373648997e-30
CU-BMA,2014/2015,3 wk ahead,1.38294373648997e-30
CU-BMA,2014/2015,4 wk ahead,1.38294373648997e-30
CU-EAKFC_SEIRS,2014/2015,1 wk ahead,0.191867734712525
CU-EAKFC_SEIRS,2014/2015,2 wk ahead,0.191867734712525
CU-EAKFC_SEIRS,2014/2015,3 wk ahead,0.191867734712525
CU-EAKFC_SEIRS,2014/2015,4 wk ahead,0.191867734712525
CU-EAKFC_SIRS,2014/2015,1 wk ahead,1.38477532629103e-08
CU-EAKFC_SIRS,2014/2015,2 wk ahead,1.38477532629103e-08
CU-EAKFC_SIRS,2014/2015,3 wk ahead,1.38477532629103e-08
CU-EAKFC_SIRS,2014/2015,4 wk ahead,1.38477532629103e-08
CU-EKF_SEIRS,2014/2015,1 wk ahead,0.035038960371704
CU-EKF_SEIRS,2014/2015,2 wk ahead,0.035038960371704
CU-EKF_SEIRS,2014/2015,3 wk ahead,0.035038960371704
CU-EKF_SEIRS,2014/2015,4 wk ahead,0.035038960371704
CU-EKF_SIRS,2014/2015,1 wk ahead,1.36620850959548e-15
CU-EKF_SIRS,2014/2015,2 wk ahead,1.36620850959548e-15
CU-EKF_SIRS,2014/2015,3 wk ahead,1.36620850959548e-15
CU-EKF_SIRS,2014/2015,4 wk ahead,1.36620850959548e-15
CU-RHF_SEIRS,2014/2015,1 wk ahead,5.02836604508905e-05
CU-RHF_SEIRS,2014/2015,2 wk ahead,5.02836604508905e-05
CU-RHF_SEIRS,2014/2015,3 wk ahead,5.02836604508905e-05
CU-RHF_SEIRS,2014/2015,4 wk ahead,5.02836604508905e-05
CU-RHF_SIRS,2014/2015,1 wk ahead,4.14797320840168e-15
CU-RHF_SIRS,2014/2015,2 wk ahead,4.14797320840168e-15
CU-RHF_SIRS,2014/2015,3 wk ahead,4.14797320840168e-15
CU-RHF_SIRS,2014/2015,4 wk ahead,4.14797320840168e-15
Delphi-BasisRegression,2014/2015,1 wk ahead,0.0429691349112193
Delphi-BasisRegression,2014/2015,2 wk ahead,0.0429691349112193
Delphi-BasisRegression,2014/2015,3 wk ahead,0.0429691349112193
Delphi-BasisRegression,2014/2015,4 wk ahead,0.0429691349112193
Delphi-DeltaDensity1,2014/2015,1 wk ahead,0.0610536508584801
Delphi-DeltaDensity1,2014/2015,2 wk ahead,0.0610536508584801
Delphi-DeltaDensity1,2014/2015,3 wk ahead,0.0610536508584801
Delphi-DeltaDensity1,2014/2015,4 wk ahead,0.0610536508584801
Delphi-DeltaDensity2,2014/2015,1 wk ahead,0.00117407500664561
Delphi-DeltaDensity2,2014/2015,2 wk ahead,0.00117407500664561
Delphi-DeltaDensity2,2014/2015,3 wk ahead,0.00117407500664561
Delphi-DeltaDensity2,2014/2015,4 wk ahead,0.00117407500664561
Delphi-EmpiricalFuture,2014/2015,1 wk ahead,1.24942580648953e-183
Delphi-EmpiricalFuture,2014/2015,2 wk ahead,1.24942580648953e-183
Delphi-EmpiricalFuture,2014/2015,3 wk ahead,1.24942580648953e-183
Delphi-EmpiricalFuture,2014/2015,4 wk ahead,1.24942580648953e-183
Delphi-EmpiricalTraj,2014/2015,1 wk ahead,8.29596055497466e-217
Delphi-EmpiricalTraj,2014/2015,2 wk ahead,8.29596055497466e-217
Delphi-EmpiricalTraj,2014/2015,3 wk ahead,8.29596055497466e-217
Delphi-EmpiricalTraj,2014/2015,4 wk ahead,8.29596055497466e-217
Delphi-Uniform,2014/2015,1 wk ahead,0
Delphi-Uniform,2014/2015,2 wk ahead,0
Delphi-Uniform,2014/2015,3 wk ahead,0
Delphi-Uniform,2014/2015,4 wk ahead,0
LANL-DBMplus,2014/2015,1 wk ahead,0.312944288783521
LANL-DBMplus,2014/2015,2 wk ahead,0.312944288783521
LANL-DBMplus,2014/2015,3 wk ahead,0.312944288783521
LANL-DBMplus,2014/2015,4 wk ahead,0.312944288783521
Protea Analytics-Cheetah,2014/2015,1 wk ahead,3.68094875569713e-05
Protea Analytics-Cheetah,2014/2015,2 wk ahead,3.68094875569713e-05
Protea Analytics-Cheetah,2014/2015,3 wk ahead,3.68094875569713e-05
Protea Analytics-Cheetah,2014/2015,4 wk ahead,3.68094875569713e-05
Protea Analytics-Kudu,2014/2015,1 wk ahead,2.30926181453136e-125
Protea Analytics-Kudu,2014/2015,2 wk ahead,2.30926181453136e-125
Protea Analytics-Kudu,2014/2015,3 wk ahead,2.30926181453136e-125
Protea Analytics-Kudu,2014/2015,4 wk ahead,2.30926181453136e-125
Protea Analytics-Springbok,2014/2015,1 wk ahead,0.354865048360138
Protea Analytics-Springbok,2014/2015,2 wk ahead,0.354865048360138
Protea Analytics-Springbok,2014/2015,3 wk ahead,0.354865048360138
Protea Analytics-Springbok,2014/2015,4 wk ahead,0.354865048360138
ReichLab-KCDE,2014/2015,1 wk ahead,3.38908848798851e-52
ReichLab-KCDE,2014/2015,2 wk ahead,3.38908848798851e-52
ReichLab-KCDE,2014/2015,3 wk ahead,3.38908848798851e-52
ReichLab-KCDE,2014/2015,4 wk ahead,3.38908848798851e-52
ReichLab-KDE,2014/2015,1 wk ahead,2.9146669928941e-174
ReichLab-KDE,2014/2015,2 wk ahead,2.9146669928941e-174
ReichLab-KDE,2014/2015,3 wk ahead,2.9146669928941e-174
ReichLab-KDE,2014/2015,4 wk ahead,2.9146669928941e-174
ReichLab-SARIMA1,2014/2015,1 wk ahead,1.73123444956511e-86
ReichLab-SARIMA1,2014/2015,2 wk ahead,1.73123444956511e-86
ReichLab-SARIMA1,2014/2015,3 wk ahead,1.73123444956511e-86
ReichLab-SARIMA1,2014/2015,4 wk ahead,1.73123444956511e-86
ReichLab-SARIMA2,2014/2015,1 wk ahead,2.02193684272557e-72
ReichLab-SARIMA2,2014/2015,2 wk ahead,2.02193684272557e-72
ReichLab-SARIMA2,2014/2015,3 wk ahead,2.02193684272557e-72
ReichLab-SARIMA2,2014/2015,4 wk ahead,2.02193684272557e-72
CU-BMA,2015/2016,1 wk ahead,8.00124628910835e-35
CU-BMA,2015/2016,2 wk ahead,8.00124628910835e-35
CU-BMA,2015/2016,3 wk ahead,8.00124628910835e-35
CU-BMA,2015/2016,4 wk ahead,8.00124628910835e-35
CU-EAKFC_SEIRS,2015/2016,1 wk ahead,0.230062873574349
CU-EAKFC_SEIRS,2015/2016,2 wk ahead,0.230062873574349
CU-EAKFC_SEIRS,2015/2016,3 wk ahead,0.230062873574349
CU-EAKFC_SEIRS,2015/2016,4 wk ahead,0.230062873574349
CU-EAKFC_SIRS,2015/2016,1 wk ahead,1.37697897145075e-08
CU-EAKFC_SIRS,2015/2016,2 wk ahead,1.37697897145075e-08
CU-EAKFC_SIRS,2015/2016,3 wk ahead,1.37697897145075e-08
CU-EAKFC_SIRS,2015/2016,4 wk ahead,1.37697897145075e-08
CU-EKF_SEIRS,2015/2016,1 wk ahead,0.0392254869494755
CU-EKF_SEIRS,2015/2016,2 wk ahead,0.0392254869494755
CU-EKF_SEIRS,2015/2016,3 wk ahead,0.0392254869494755
CU-EKF_SEIRS,2015/2016,4 wk ahead,0.0392254869494755
CU-EKF_SIRS,2015/2016,1 wk ahead,2.30717653349857e-15
CU-EKF_SIRS,2015/2016,2 wk ahead,2.30717653349857e-15
CU-EKF_SIRS,2015/2016,3 wk ahead,2.30717653349857e-15
CU-EKF_SIRS,2015/2016,4 wk ahead,2.30717653349857e-15
CU-RHF_SEIRS,2015/2016,1 wk ahead,1.24221902755829e-05
CU-RHF_SEIRS,2015/2016,2 wk ahead,1.24221902755829e-05
CU-RHF_SEIRS,2015/2016,3 wk ahead,1.24221902755829e-05
CU-RHF_SEIRS,2015/2016,4 wk ahead,1.24221902755829e-05
CU-RHF_SIRS,2015/2016,1 wk ahead,2.05928053079927e-17
CU-RHF_SIRS,2015/2016,2 wk ahead,2.05928053079927e-17
CU-RHF_SIRS,2015/2016,3 wk ahead,2.05928053079927e-17
CU-RHF_SIRS,2015/2016,4 wk ahead,2.05928053079927e-17
Delphi-BasisRegression,2015/2016,1 wk ahead,3.61510506991957e-05
Delphi-BasisRegression,2015/2016,2 wk ahead,3.61510506991957e-05
Delphi-BasisRegression,2015/2016,3 wk ahead,3.61510506991957e-05
Delphi-BasisRegression,2015/2016,4 wk ahead,3.61510506991957e-05
Delphi-DeltaDensity1,2015/2016,1 wk ahead,0.150224271051421
Delphi-DeltaDensity1,2015/2016,2 wk ahead,0.150224271051421
Delphi-DeltaDensity1,2015/2016,3 wk ahead,0.150224271051421
Delphi-DeltaDensity1,2015/2016,4 wk ahead,0.150224271051421
Delphi-DeltaDensity2,2015/2016,1 wk ahead,0.00764007986274379
Delphi-DeltaDensity2,2015/2016,2 wk ahead,0.00764007986274379
Delphi-DeltaDensity2,2015/2016,3 wk ahead,0.00764007986274379
Delphi-DeltaDensity2,2015/2016,4 wk ahead,0.00764007986274379
Delphi-EmpiricalFuture,2015/2016,1 wk ahead,1.14849280870466e-170
Delphi-EmpiricalFuture,2015/2016,2 wk ahead,1.14849280870466e-170
Delphi-EmpiricalFuture,2015/2016,3 wk ahead,1.14849280870466e-170
Delphi-EmpiricalFuture,2015/2016,4 wk ahead,1.14849280870466e-170
Delphi-EmpiricalTraj,2015/2016,1 wk ahead,2.28419490043783e-204
Delphi-EmpiricalTraj,2015/2016,2 wk ahead,2.28419490043783e-204
Delphi-EmpiricalTraj,2015/2016,3 wk ahead,2.28419490043783e-204
Delphi-EmpiricalTraj,2015/2016,4 wk ahead,2.28419490043783e-204
Delphi-Uniform,2015/2016,1 wk ahead,0
Delphi-Uniform,2015/2016,2 wk ahead,0
Delphi-Uniform,2015/2016,3 wk ahead,0
Delphi-Uniform,2015/2016,4 wk ahead,0
LANL-DBMplus,2015/2016,1 wk ahead,0.281352240318529
LANL-DBMplus,2015/2016,2 wk ahead,0.281352240318529
LANL-DBMplus,2015/2016,3 wk ahead,0.281352240318529
LANL-DBMplus,2015/2016,4 wk ahead,0.281352240318529
Protea Analytics-Cheetah,2015/2016,1 wk ahead,0.000106127830678208
Protea Analytics-Cheetah,2015/2016,2 wk ahead,0.000106127830678208
Protea Analytics-Cheetah,2015/2016,3 wk ahead,0.000106127830678208
Protea Analytics-Cheetah,2015/2016,4 wk ahead,0.000106127830678208
Protea Analytics-Kudu,2015/2016,1 wk ahead,1.35834652488412e-105
Protea Analytics-Kudu,2015/2016,2 wk ahead,1.35834652488412e-105
Protea Analytics-Kudu,2015/2016,3 wk ahead,1.35834652488412e-105
Protea Analytics-Kudu,2015/2016,4 wk ahead,1.35834652488412e-105
Protea Analytics-Springbok,2015/2016,1 wk ahead,0.291340333402037
Protea Analytics-Springbok,2015/2016,2 wk ahead,0.291340333402037
Protea Analytics-Springbok,2015/2016,3 wk ahead,0.291340333402037
Protea Analytics-Springbok,2015/2016,4 wk ahead,0.291340333402037
ReichLab-KCDE,2015/2016,1 wk ahead,1.72331465519313e-47
ReichLab-KCDE,2015/2016,2 wk ahead,1.72331465519313e-47
ReichLab-KCDE,2015/2016,3 wk ahead,1.72331465519313e-47
ReichLab-KCDE,2015/2016,4 wk ahead,1.72331465519313e-47
ReichLab-KDE,2015/2016,1 wk ahead,6.28829229766266e-166
ReichLab-KDE,2015/2016,2 wk ahead,6.28829229766266e-166
ReichLab-KDE,2015/2016,3 wk ahead,6.28829229766266e-166
ReichLab-KDE,2015/2016,4 wk ahead,6.28829229766266e-166
ReichLab-SARIMA1,2015/2016,1 wk ahead,1.66336907007216e-80
ReichLab-SARIMA1,2015/2016,2 wk ahead,1.66336907007216e-80
ReichLab-SARIMA1,2015/2016,3 wk ahead,1.66336907007216e-80
ReichLab-SARIMA1,2015/2016,4 wk ahead,1.66336907007216e-80
ReichLab-SARIMA2,2015/2016,1 wk ahead,8.27197233998009e-58
ReichLab-SARIMA2,2015/2016,2 wk ahead,8.27197233998009e-58
ReichLab-SARIMA2,2015/2016,3 wk ahead,8.27197233998009e-58
ReichLab-SARIMA2,2015/2016,4 wk ahead,8.27197233998009e-58
CU-BMA,2016/2017,1 wk ahead,6.11800849537464e-37
CU-BMA,2016/2017,2 wk ahead,6.11800849537464e-37
CU-BMA,2016/2017,3 wk ahead,6.11800849537464e-37
CU-BMA,2016/2017,4 wk ahead,6.11800849537464e-37
CU-EAKFC_SEIRS,2016/2017,1 wk ahead,0.266500549584904
CU-EAKFC_SEIRS,2016/2017,2 wk ahead,0.266500549584904
CU-EAKFC_SEIRS,2016/2017,3 wk ahead,0.266500549584904
CU-EAKFC_SEIRS,2016/2017,4 wk ahead,0.266500549584904
CU-EAKFC_SIRS,2016/2017,1 wk ahead,1.75359868930887e-08
CU-EAKFC_SIRS,2016/2017,2 wk ahead,1.75359868930887e-08
CU-EAKFC_SIRS,2016/2017,3 wk ahead,1.75359868930887e-08
CU-EAKFC_SIRS,2016/2017,4 wk ahead,1.75359868930887e-08
CU-EKF_SEIRS,2016/2017,1 wk ahead,0.00442475731994659
CU-EKF_SEIRS,2016/2017,2 wk ahead,0.00442475731994659
CU-EKF_SEIRS,2016/2017,3 wk ahead,0.00442475731994659
CU-EKF_SEIRS,2016/2017,4 wk ahead,0.00442475731994659
CU-EKF_SIRS,2016/2017,1 wk ahead,7.98330933748468e-19
CU-EKF_SIRS,2016/2017,2 wk ahead,7.98330933748468e-19
CU-EKF_SIRS,2016/2017,3 wk ahead,7.98330933748468e-19
CU-EKF_SIRS,2016/2017,4 wk ahead,7.98330933748468e-19
CU-RHF_SEIRS,2016/2017,1 wk ahead,1.72678602910278e-06
CU-RHF_SEIRS,2016/2017,2 wk ahead,1.72678602910278e-06
CU-RHF_SEIRS,2016/2017,3 wk ahead,1.72678602910278e-06
CU-RHF_SEIRS,2016/2017,4 wk ahead,1.72678602910278e-06
CU-RHF_SIRS,2016/2017,1 wk ahead,5.53326671034483e-20
CU-RHF_SIRS,2016/2017,2 wk ahead,5.53326671034483e-20
CU-RHF_SIRS,2016/2017,3 wk ahead,5.53326671034483e-20
CU-RHF_SIRS,2016/2017,4 wk ahead,5.53326671034483e-20
Delphi-BasisRegression,2016/2017,1 wk ahead,0.0206256691077609
Delphi-BasisRegression,2016/2017,2 wk ahead,0.0206256691077609
Delphi-BasisRegression,2016/2017,3 wk ahead,0.0206256691077609
Delphi-BasisRegression,2016/2017,4 wk ahead,0.0206256691077609
Delphi-DeltaDensity1,2016/2017,1 wk ahead,0.184503976249623
Delphi-DeltaDensity1,2016/2017,2 wk ahead,0.184503976249623
Delphi-DeltaDensity1,2016/2017,3 wk ahead,0.184503976249623
Delphi-DeltaDensity1,2016/2017,4 wk ahead,0.184503976249623
Delphi-DeltaDensity2,2016/2017,1 wk ahead,0.00280657156767456
Delphi-DeltaDensity2,2016/2017,2 wk ahead,0.00280657156767456
Delphi-DeltaDensity2,2016/2017,3 wk ahead,0.00280657156767456
Delphi-DeltaDensity2,2016/2017,4 wk ahead,0.00280657156767456
Delphi-EmpiricalFuture,2016/2017,1 wk ahead,3.74653812155743e-217
Delphi-EmpiricalFuture,2016/2017,2 wk ahead,3.74653812155743e-217
Delphi-EmpiricalFuture,2016/2017,3 wk ahead,3.74653812155743e-217
Delphi-EmpiricalFuture,2016/2017,4 wk ahead,3.74653812155743e-217
Delphi-EmpiricalTraj,2016/2017,1 wk ahead,1.25792746811515e-258
Delphi-EmpiricalTraj,2016/2017,2 wk ahead,1.25792746811515e-258
Delphi-EmpiricalTraj,2016/2017,3 wk ahead,1.25792746811515e-258
Delphi-EmpiricalTraj,2016/2017,4 wk ahead,1.25792746811515e-258
Delphi-Uniform,2016/2017,1 wk ahead,0
Delphi-Uniform,2016/2017,2 wk ahead,0
Delphi-Uniform,2016/2017,3 wk ahead,0
Delphi-Uniform,2016/2017,4 wk ahead,0
LANL-DBMplus,2016/2017,1 wk ahead,0.264380812162777
LANL-DBMplus,2016/2017,2 wk ahead,0.264380812162777
LANL-DBMplus,2016/2017,3 wk ahead,0.264380812162777
LANL-DBMplus,2016/2017,4 wk ahead,0.264380812162777
Protea Analytics-Cheetah,2016/2017,1 wk ahead,0.000170936339072767
Protea Analytics-Cheetah,2016/2017,2 wk ahead,0.000170936339072767
Protea Analytics-Cheetah,2016/2017,3 wk ahead,0.000170936339072767
Protea Analytics-Cheetah,2016/2017,4 wk ahead,0.000170936339072767
Protea Analytics-Kudu,2016/2017,1 wk ahead,2.16539062170127e-129
Protea Analytics-Kudu,2016/2017,2 wk ahead,2.16539062170127e-129
Protea Analytics-Kudu,2016/2017,3 wk ahead,2.16539062170127e-129
Protea Analytics-Kudu,2016/2017,4 wk ahead,2.16539062170127e-129
Protea Analytics-Springbok,2016/2017,1 wk ahead,0.256584983346225
Protea Analytics-Springbok,2016/2017,2 wk ahead,0.256584983346225
Protea Analytics-Springbok,2016/2017,3 wk ahead,0.256584983346225
Protea Analytics-Springbok,2016/2017,4 wk ahead,0.256584983346225
ReichLab-KCDE,2016/2017,1 wk ahead,1.56659003675942e-59
ReichLab-KCDE,2016/2017,2 wk ahead,1.56659003675942e-59
ReichLab-KCDE,2016/2017,3 wk ahead,1.56659003675942e-59
ReichLab-KCDE,2016/2017,4 wk ahead,1.56659003675942e-59
ReichLab-KDE,2016/2017,1 wk ahead,4.07152942644749e-207
ReichLab-KDE,2016/2017,2 wk ahead,4.07152942644749e-207
ReichLab-KDE,2016/2017,3 wk ahead,4.07152942644749e-207
ReichLab-KDE,2016/2017,4 wk ahead,4.07152942644749e-207
ReichLab-SARIMA1,2016/2017,1 wk ahead,4.79501480387255e-100
ReichLab-SARIMA1,2016/2017,2 wk ahead,4.79501480387255e-100
ReichLab-SARIMA1,2016/2017,3 wk ahead,4.79501480387255e-100
ReichLab-SARIMA1,2016/2017,4 wk ahead,4.79501480387255e-100
ReichLab-SARIMA2,2016/2017,1 wk ahead,1.17514183754823e-74
ReichLab-SARIMA2,2016/2017,2 wk ahead,1.17514183754823e-74
ReichLab-SARIMA2,2016/2017,3 wk ahead,1.17514183754823e-74
ReichLab-SARIMA2,2016/2017,4 wk ahead,1.17514183754823e-74
CU-BMA,2017/2018,1 wk ahead,8.65028332777816e-27
CU-BMA,2017/2018,2 wk ahead,8.65028332777816e-27
CU-BMA,2017/2018,3 wk ahead,8.65028332777816e-27
CU-BMA,2017/2018,4 wk ahead,8.65028332777816e-27
CU-EAKFC_SEIRS,2017/2018,1 wk ahead,0.206362112734525
CU-EAKFC_SEIRS,2017/2018,2 wk ahead,0.206362112734525
CU-EAKFC_SEIRS,2017/2018,3 wk ahead,0.206362112734525
CU-EAKFC_SEIRS,2017/2018,4 wk ahead,0.206362112734525
CU-EAKFC_SIRS,2017/2018,1 wk ahead,3.01177712397066e-08
CU-EAKFC_SIRS,2017/2018,2 wk ahead,3.01177712397066e-08
CU-EAKFC_SIRS,2017/2018,3 wk ahead,3.01177712397066e-08
CU-EAKFC_SIRS,2017/2018,4 wk ahead,3.01177712397066e-08
CU-EKF_SEIRS,2017/2018,1 wk ahead,0.0795147535267023
CU-EKF_SEIRS,2017/2018,2 wk ahead,0.0795147535267023
CU-EKF_SEIRS,2017/2018,3 wk ahead,0.0795147535267023
CU-EKF_SEIRS,2017/2018,4 wk ahead,0.0795147535267023
CU-EKF_SIRS,2017/2018,1 wk ahead,4.8748929990075e-13
CU-EKF_SIRS,2017/2018,2 wk ahead,4.8748929990075e-13
CU-EKF_SIRS,2017/2018,3 wk ahead,4.8748929990075e-13
CU-EKF_SIRS,2017/2018,4 wk ahead,4.8748929990075e-13
CU-RHF_SEIRS,2017/2018,1 wk ahead,2.42713949780578e-05
CU-RHF_SEIRS,2017/2018,2 wk ahead,2.42713949780578e-05
CU-RHF_SEIRS,2017/2018,3 wk ahead,2.42713949780578e-05
CU-RHF_SEIRS,2017/2018,4 wk ahead,2.42713949780578e-05
CU-RHF_SIRS,2017/2018,1 wk ahead,9.40110267011832e-15
CU-RHF_SIRS,2017/2018,2 wk ahead,9.40110267011832e-15
CU-RHF_SIRS,2017/2018,3 wk ahead,9.40110267011832e-15
CU-RHF_SIRS,2017/2018,4 wk ahead,9.40110267011832e-15
Delphi-BasisRegression,2017/2018,1 wk ahead,0.0719820079853966
Delphi-BasisRegression,2017/2018,2 wk ahead,0.0719820079853966
Delphi-BasisRegression,2017/2018,3 wk ahead,0.0719820079853966
Delphi-BasisRegression,2017/2018,4 wk ahead,0.0719820079853966
Delphi-DeltaDensity1,2017/2018,1 wk ahead,0.175719824000574
Delphi-DeltaDensity1,2017/2018,2 wk ahead,0.175719824000574
Delphi-DeltaDensity1,2017/2018,3 wk ahead,0.175719824000574
Delphi-DeltaDensity1,2017/2018,4 wk ahead,0.175719824000574
Delphi-DeltaDensity2,2017/2018,1 wk ahead,5.27036146900384e-06
Delphi-DeltaDensity2,2017/2018,2 wk ahead,5.27036146900384e-06
Delphi-DeltaDensity2,2017/2018,3 wk ahead,5.27036146900384e-06
Delphi-DeltaDensity2,2017/2018,4 wk ahead,5.27036146900384e-06
Delphi-EmpiricalFuture,2017/2018,1 wk ahead,2.01462891394963e-194
Delphi-EmpiricalFuture,2017/2018,2 wk ahead,2.01462891394963e-194
Delphi-EmpiricalFuture,2017/2018,3 wk ahead,2.01462891394963e-194
Delphi-EmpiricalFuture,2017/2018,4 wk ahead,2.01462891394963e-194
Delphi-EmpiricalTraj,2017/2018,1 wk ahead,1.60763840850303e-228
Delphi-EmpiricalTraj,2017/2018,2 wk ahead,1.60763840850303e-228
Delphi-EmpiricalTraj,2017/2018,3 wk ahead,1.60763840850303e-228
Delphi-EmpiricalTraj,2017/2018,4 wk ahead,1.60763840850303e-228
Delphi-Uniform,2017/2018,1 wk ahead,0
Delphi-Uniform,2017/2018,2 wk ahead,0
Delphi-Uniform,2017/2018,3 wk ahead,0
Delphi-Uniform,2017/2018,4 wk ahead,0
LANL-DBMplus,2017/2018,1 wk ahead,0.173296458674454
LANL-DBMplus,2017/2018,2 wk ahead,0.173296458674454
LANL-DBMplus,2017/2018,3 wk ahead,0.173296458674454
LANL-DBMplus,2017/2018,4 wk ahead,0.173296458674454
Protea Analytics-Cheetah,2017/2018,1 wk ahead,0.000214687658006702
Protea Analytics-Cheetah,2017/2018,2 wk ahead,0.000214687658006702
Protea Analytics-Cheetah,2017/2018,3 wk ahead,0.000214687658006702
Protea Analytics-Cheetah,2017/2018,4 wk ahead,0.000214687658006702
Protea Analytics-Kudu,2017/2018,1 wk ahead,7.43057623512297e-109
Protea Analytics-Kudu,2017/2018,2 wk ahead,7.43057623512297e-109
Protea Analytics-Kudu,2017/2018,3 wk ahead,7.43057623512297e-109
Protea Analytics-Kudu,2017/2018,4 wk ahead,7.43057623512297e-109
Protea Analytics-Springbok,2017/2018,1 wk ahead,0.292880583545626
Protea Analytics-Springbok,2017/2018,2 wk ahead,0.292880583545626
Protea Analytics-Springbok,2017/2018,3 wk ahead,0.292880583545626
Protea Analytics-Springbok,2017/2018,4 wk ahead,0.292880583545626
ReichLab-KCDE,2017/2018,1 wk ahead,6.53772254214447e-48
ReichLab-KCDE,2017/2018,2 wk ahead,6.53772254214447e-48
ReichLab-KCDE,2017/2018,3 wk ahead,6.53772254214447e-48
ReichLab-KCDE,2017/2018,4 wk ahead,6.53772254214447e-48
ReichLab-KDE,2017/2018,1 wk ahead,2.18516852392317e-177
ReichLab-KDE,2017/2018,2 wk ahead,2.18516852392317e-177
ReichLab-KDE,2017/2018,3 wk ahead,2.18516852392317e-177
ReichLab-KDE,2017/2018,4 wk ahead,2.18516852392317e-177
ReichLab-SARIMA1,2017/2018,1 wk ahead,2.65749102586022e-85
ReichLab-SARIMA1,2017/2018,2 wk ahead,2.65749102586022e-85
ReichLab-SARIMA1,2017/2018,3 wk ahead,2.65749102586022e-85
ReichLab-SARIMA1,2017/2018,4 wk ahead,2.65749102586022e-85
ReichLab-SARIMA2,2017/2018,1 wk ahead,4.29972527876312e-68
ReichLab-SARIMA2,2017/2018,2 wk ahead,4.29972527876312e-68
ReichLab-SARIMA2,2017/2018,3 wk ahead,4.29972527876312e-68
ReichLab-SARIMA2,2017/2018,4 wk ahead,4.29972527876312e-68
CU-BMA,2018/2019,Season onset,0.0900285833146188
CU-BMA,2018/2019,Season peak week,0.0900285833146188
CU-BMA,2018/2019,Season peak percentage,0.0900285833146188
CU-EAKFC_SEIRS,2018/2019,Season onset,2.72651579059946e-05
CU-EAKFC_SEIRS,2018/2019,Season peak week,2.72651579059946e-05
CU-EAKFC_SEIRS,2018/2019,Season peak percentage,2.72651579059946e-05
CU-EAKFC_SIRS,2018/2019,Season onset,0.0423629262210455
CU-EAKFC_SIRS,2018/2019,Season peak week,0.0423629262210455
CU-EAKFC_SIRS,2018/2019,Season peak percentage,0.0423629262210455
CU-EKF_SEIRS,2018/2019,Season onset,2.55411284878143e-08
CU-EKF_SEIRS,2018/2019,Season peak week,2.55411284878143e-08
CU-EKF_SEIRS,2018/2019,Season peak percentage,2.55411284878143e-08
CU-EKF_SIRS,2018/2019,Season onset,6.6067998927926e-10
CU-EKF_SIRS,2018/2019,Season peak week,6.6067998927926e-10
CU-EKF_SIRS,2018/2019,Season peak percentage,6.6067998927926e-10
CU-RHF_SEIRS,2018/2019,Season onset,8.25797285869414e-13
CU-RHF_SEIRS,2018/2019,Season peak week,8.25797285869414e-13
CU-RHF_SEIRS,2018/2019,Season peak percentage,8.25797285869414e-13
CU-RHF_SIRS,2018/2019,Season onset,1.45873795641389e-10
CU-RHF_SIRS,2018/2019,Season peak week,1.45873795641389e-10
CU-RHF_SIRS,2018/2019,Season peak percentage,1.45873795641389e-10
Delphi-BasisRegression,2018/2019,Season onset,0.00567972988518396
Delphi-BasisRegression,2018/2019,Season peak week,0.00567972988518396
Delphi-BasisRegression,2018/2019,Season peak percentage,0.00567972988518396
Delphi-DeltaDensity1,2018/2019,Season onset,0.064353506742921
Delphi-DeltaDensity1,2018/2019,Season peak week,0.064353506742921
Delphi-DeltaDensity1,2018/2019,Season peak percentage,0.064353506742921
Delphi-DeltaDensity2,2018/2019,Season onset,0.0216871305314912
Delphi-DeltaDensity2,2018/2019,Season peak week,0.0216871305314912
Delphi-DeltaDensity2,2018/2019,Season peak percentage,0.0216871305314912
Delphi-EmpiricalFuture,2018/2019,Season onset,0.00557461586865625
Delphi-EmpiricalFuture,2018/2019,Season peak week,0.00557461586865625
Delphi-EmpiricalFuture,2018/2019,Season peak percentage,0.00557461586865625
Delphi-EmpiricalTraj,2018/2019,Season onset,1.71139866483282e-115
Delphi-EmpiricalTraj,2018/2019,Season peak week,1.71139866483282e-115
Delphi-EmpiricalTraj,2018/2019,Season peak percentage,1.71139866483282e-115
Delphi-Uniform,2018/2019,Season onset,2.73901300384135e-190
Delphi-Uniform,2018/2019,Season peak week,2.73901300384135e-190
Delphi-Uniform,2018/2019,Season peak percentage,2.73901300384135e-190
LANL-DBMplus,2018/2019,Season onset,0.43318362398952
LANL-DBMplus,2018/2019,Season peak week,0.43318362398952
LANL-DBMplus,2018/2019,Season peak percentage,0.43318362398952
Protea Analytics-Cheetah,2018/2019,Season onset,0.00889338823861167
Protea Analytics-Cheetah,2018/2019,Season peak week,0.00889338823861167
Protea Analytics-Cheetah,2018/2019,Season peak percentage,0.00889338823861167
Protea Analytics-Kudu,2018/2019,Season onset,1.70527532485533e-16
Protea Analytics-Kudu,2018/2019,Season peak week,1.70527532485533e-16
Protea Analytics-Kudu,2018/2019,Season peak percentage,1.70527532485533e-16
Protea Analytics-Springbok,2018/2019,Season onset,0.328209186720958
Protea Analytics-Springbok,2018/2019,Season peak week,0.328209186720958
Protea Analytics-Springbok,2018/2019,Season peak percentage,0.328209186720958
ReichLab-KCDE,2018/2019,Season onset,1.06771155422202e-24
ReichLab-KCDE,2018/2019,Season peak week,1.06771155422202e-24
ReichLab-KCDE,2018/2019,Season peak percentage,1.06771155422202e-24
ReichLab-KDE,2018/2019,Season onset,1.69805801370229e-08
ReichLab-KDE,2018/2019,Season peak week,1.69805801370229e-08
ReichLab-KDE,2018/2019,Season peak percentage,1.69805801370229e-08
ReichLab-SARIMA1,2018/2019,Season onset,2.16442573426239e-77
ReichLab-SARIMA1,2018/2019,Season peak week,2.16442573426239e-77
ReichLab-SARIMA1,2018/2019,Season peak percentage,2.16442573426239e-77
ReichLab-SARIMA2,2018/2019,Season onset,1.68555710207226e-37
ReichLab-SARIMA2,2018/2019,Season peak week,1.68555710207226e-37
ReichLab-SARIMA2,2018/2019,Season peak percentage,1.68555710207226e-37
CU-BMA,2018/2019,1 wk ahead,6.25216987134651e-30
CU-BMA,2018/2019,2 wk ahead,6.25216987134651e-30
CU-BMA,2018/2019,3 wk ahead,6.25216987134651e-30
CU-BMA,2018/2019,4 wk ahead,6.25216987134651e-30
CU-EAKFC_SEIRS,2018/2019,1 wk ahead,0.236108744137941
CU-EAKFC_SEIRS,2018/2019,2 wk ahead,0.236108744137941
CU-EAKFC_SEIRS,2018/2019,3 wk ahead,0.236108744137941
CU-EAKFC_SEIRS,2018/2019,4 wk ahead,0.236108744137941
CU-EAKFC_SIRS,2018/2019,1 wk ahead,3.39538632340971e-08
CU-EAKFC_SIRS,2018/2019,2 wk ahead,3.39538632340971e-08
CU-EAKFC_SIRS,2018/2019,3 wk ahead,3.39538632340971e-08
CU-EAKFC_SIRS,2018/2019,4 wk ahead,3.39538632340971e-08
CU-EKF_SEIRS,2018/2019,1 wk ahead,0.0200569396952718
CU-EKF_SEIRS,2018/2019,2 wk ahead,0.0200569396952718
CU-EKF_SEIRS,2018/2019,3 wk ahead,0.0200569396952718
CU-EKF_SEIRS,2018/2019,4 wk ahead,0.0200569396952718
CU-EKF_SIRS,2018/2019,1 wk ahead,3.57086274602199e-15
CU-EKF_SIRS,2018/2019,2 wk ahead,3.57086274602199e-15
CU-EKF_SIRS,2018/2019,3 wk ahead,3.57086274602199e-15
CU-EKF_SIRS,2018/2019,4 wk ahead,3.57086274602199e-15
CU-RHF_SEIRS,2018/2019,1 wk ahead,3.7195209315056e-05
CU-RHF_SEIRS,2018/2019,2 wk ahead,3.7195209315056e-05
CU-RHF_SEIRS,2018/2019,3 wk ahead,3.7195209315056e-05
CU-RHF_SEIRS,2018/2019,4 wk ahead,3.7195209315056e-05
CU-RHF_SIRS,2018/2019,1 wk ahead,1.3702976805037e-16
CU-RHF_SIRS,2018/2019,2 wk ahead,1.3702976805037e-16
CU-RHF_SIRS,2018/2019,3 wk ahead,1.3702976805037e-16
CU-RHF_SIRS,2018/2019,4 wk ahead,1.3702976805037e-16
Delphi-BasisRegression,2018/2019,1 wk ahead,0.0252607716298226
Delphi-BasisRegression,2018/2019,2 wk ahead,0.0252607716298226
Delphi-BasisRegression,2018/2019,3 wk ahead,0.0252607716298226
Delphi-BasisRegression,2018/2019,4 wk ahead,0.0252607716298226
Delphi-DeltaDensity1,2018/2019,1 wk ahead,0.144543114324077
Delphi-DeltaDensity1,2018/2019,2 wk ahead,0.144543114324077
Delphi-DeltaDensity1,2018/2019,3 wk ahead,0.144543114324077
Delphi-DeltaDensity1,2018/2019,4 wk ahead,0.144543114324077
Delphi-DeltaDensity2,2018/2019,1 wk ahead,0.0212830554860594
Delphi-DeltaDensity2,2018/2019,2 wk ahead,0.0212830554860594
Delphi-DeltaDensity2,2018/2019,3 wk ahead,0.0212830554860594
Delphi-DeltaDensity2,2018/2019,4 wk ahead,0.0212830554860594
Delphi-EmpiricalFuture,2018/2019,1 wk ahead,2.52142049643753e-173
Delphi-EmpiricalFuture,2018/2019,2 wk ahead,2.52142049643753e-173
Delphi-EmpiricalFuture,2018/2019,3 wk ahead,2.52142049643753e-173
Delphi-EmpiricalFuture,2018/2019,4 wk ahead,2.52142049643753e-173
Delphi-EmpiricalTraj,2018/2019,1 wk ahead,4.53613780125546e-205
Delphi-EmpiricalTraj,2018/2019,2 wk ahead,4.53613780125546e-205
Delphi-EmpiricalTraj,2018/2019,3 wk ahead,4.53613780125546e-205
Delphi-EmpiricalTraj,2018/2019,4 wk ahead,4.53613780125546e-205
Delphi-Uniform,2018/2019,1 wk ahead,0
Delphi-Uniform,2018/2019,2 wk ahead,0
Delphi-Uniform,2018/2019,3 wk ahead,0
Delphi-Uniform,2018/2019,4 wk ahead,0
LANL-DBMplus,2018/2019,1 wk ahead,0.283166092229036
LANL-DBMplus,2018/2019,2 wk ahead,0.283166092229036
LANL-DBMplus,2018/2019,3 wk ahead,0.283166092229036
LANL-DBMplus,2018/2019,4 wk ahead,0.283166092229036
Protea Analytics-Cheetah,2018/2019,1 wk ahead,0.000161886205625885
Protea Analytics-Cheetah,2018/2019,2 wk ahead,0.000161886205625885
Protea Analytics-Cheetah,2018/2019,3 wk ahead,0.000161886205625885
Protea Analytics-Cheetah,2018/2019,4 wk ahead,0.000161886205625885
Protea Analytics-Kudu,2018/2019,1 wk ahead,2.26341759367647e-108
Protea Analytics-Kudu,2018/2019,2 wk ahead,2.26341759367647e-108
Protea Analytics-Kudu,2018/2019,3 wk ahead,2.26341759367647e-108
Protea Analytics-Kudu,2018/2019,4 wk ahead,2.26341759367647e-108
Protea Analytics-Springbok,2018/2019,1 wk ahead,0.269382167128984
Protea Analytics-Springbok,2018/2019,2 wk ahead,0.269382167128984
Protea Analytics-Springbok,2018/2019,3 wk ahead,0.269382167128984
Protea Analytics-Springbok,2018/2019,4 wk ahead,0.269382167128984
ReichLab-KCDE,2018/2019,1 wk ahead,2.39640069532071e-48
ReichLab-KCDE,2018/2019,2 wk ahead,2.39640069532071e-48
ReichLab-KCDE,2018/2019,3 wk ahead,2.39640069532071e-48
ReichLab-KCDE,2018/2019,4 wk ahead,2.39640069532071e-48
ReichLab-KDE,2018/2019,1 wk ahead,7.77338068709946e-168
ReichLab-KDE,2018/2019,2 wk ahead,7.77338068709946e-168
ReichLab-KDE,2018/2019,3 wk ahead,7.77338068709946e-168
ReichLab-KDE,2018/2019,4 wk ahead,7.77338068709946e-168
ReichLab-SARIMA1,2018/2019,1 wk ahead,2.07878008928709e-82
ReichLab-SARIMA1,2018/2019,2 wk ahead,2.07878008928709e-82
ReichLab-SARIMA1,2018/2019,3 wk ahead,2.07878008928709e-82
ReichLab-SARIMA1,2018/2019,4 wk ahead,2.07878008928709e-82
ReichLab-SARIMA2,2018/2019,1 wk ahead,9.84049954479895e-64
ReichLab-SARIMA2,2018/2019,2 wk ahead,9.84049954479895e-64
ReichLab-SARIMA2,2018/2019,3 wk ahead,9.84049954479895e-64
ReichLab-SARIMA2,2018/2019,4 wk ahead,9.84049954479895e-64
